model,negative_ratio,structural_metric,hardness_bin,n_files,pairwise_win_rate_mean,pairwise_win_rate_sd,score_gap_mean,score_gap_sd,auroc_vs_bin_mean,auroc_vs_bin_sd,auprc_vs_bin_mean,auprc_vs_bin_sd,n_pos_mean,n_pos_sd,n_neg_mean,n_neg_sd,neg_metric_mean_mean,neg_metric_mean_sd,neg_metric_median_mean,neg_metric_median_sd
GNN_42_full_graph,4,adamic_adar_score,high,5,0.49403358320839585,0.026428852830136584,-0.0002538668966464819,0.025737814230637007,0.49403358320839585,0.0264288528301366,0.3995568981640067,0.01691982311030692,500.0,0.0,667.0,0.0,8.498377004556213,0.946247112419651,5.03635892868042,1.1287991659944543
GNN_42_full_graph,4,adamic_adar_score,low,5,0.458432383808096,0.010126163536958414,-0.03935707681443261,0.011270809148256882,0.458432383808096,0.01012616353695838,0.4042126230957967,0.004479546553807068,500.0,0.0,667.0,0.0,0.021424876781239145,0.00869887318686737,0.0,0.0
GNN_42_full_graph,4,adamic_adar_score,mid,5,0.5259747747747748,0.0120837942654456,0.03487332860607416,0.011942521014022602,0.5259747747747748,0.012083794265445555,0.4186811175677221,0.013151585299598744,500.0,0.0,666.0,0.0,0.8209711520342499,0.13303853151431555,0.7644980609416961,0.1475885278178652
GNN_42_full_graph,4,jaccard_shared_neighbors,high,5,0.49274789091940513,0.02587817813285771,-0.001228122711866897,0.025398475969638037,0.49274789091940513,0.025878178132857706,0.3988677690464091,0.016723942245871665,500.0,0.0,666.8,0.44721359549995804,0.041585640414993776,0.004834123814333332,0.027627067386070903,0.005628372987204672
GNN_42_full_graph,4,jaccard_shared_neighbors,low,5,0.45439817298557933,0.010540040048968125,-0.04369413697140656,0.011591674177060607,0.45439817298557933,0.010540040048968146,0.40414509042565544,0.0052481200771033135,500.0,0.0,666.8,0.4472135954999579,0.00010695019537702898,5.137305527868198e-05,0.0,0.0
GNN_42_full_graph,4,jaccard_shared_neighbors,mid,5,0.531264847756302,0.011541590623755642,0.04015232319545189,0.01077157311831533,0.531264847756302,0.011541590623755723,0.4204744831249819,0.011129997039596013,500.0,0.0,666.4,0.5477225575051662,0.004797954178523821,0.0007192513113833591,0.004425821987586339,0.0006866939897038832
GNN_42_full_graph,4,shared_neighbor_count,high,5,0.4942890975191312,0.026941096768849603,4.434855769085422e-05,0.026424165193369827,0.4942890975191312,0.026941096768849603,0.39891191648923774,0.017894274440077806,500.0,0.0,669.2,6.180614856144977,60.48942316731736,6.932640120666062,35.5,8.52936105461599
GNN_42_full_graph,4,shared_neighbor_count,low,5,0.4569623091042868,0.013364053405803196,-0.04139914540732996,0.01489028921058267,0.45696230910428676,0.013364053405803189,0.4264040363354053,0.02175721878931358,500.0,0.0,624.4,54.46374941187946,0.08682673138597556,0.11889248200736223,0.0,0.0
GNN_42_full_graph,4,shared_neighbor_count,mid,5,0.5229380134981054,0.013447989230669212,0.03187247400268238,0.013234927196719553,0.5229380134981054,0.013447989230669212,0.4024608393165237,0.027236832895395004,500.0,0.0,706.4,50.62410493035902,5.5158159175529535,1.2846686103647644,5.0,1.4142135623730951
GNN_42_full_graph,9,adamic_adar_score,high,5,0.4899274666666667,0.012517829652140197,-0.004030129553489336,0.011749601891532362,0.4899274666666666,0.012517829652140164,0.2275919895456812,0.004618373143371682,500.0,0.0,1500.0,0.0,8.488196914720536,0.9399683584963495,5.1592813491821286,1.0971255017455483
GNN_42_full_graph,9,adamic_adar_score,low,5,0.46569870206416686,0.009148015673654078,-0.03271190884631301,0.01031330491478284,0.46569870206416686,0.00914801567365408,0.23807575508465773,0.0055765676173477295,500.0,0.0,1500.6,1.5165750888103102,0.023264028162509588,0.008791756144151917,0.0,0.0
GNN_42_full_graph,9,adamic_adar_score,mid,5,0.5295438999784543,0.006639290218323259,0.03805146566662822,0.00857600721273994,0.5295438999784543,0.00663929021832325,0.24519482228863176,0.003482383191493471,500.0,0.0,1499.4,1.5165750888103102,0.8281364111038215,0.11780942576527485,0.7521747052669525,0.10846834473397174
GNN_42_full_graph,9,jaccard_shared_neighbors,high,5,0.4913786666666667,0.010845555484979922,-0.002481889835567297,0.010227844076365395,0.4913786666666667,0.010845555484979884,0.22831169876144114,0.003931794435175434,500.0,0.0,1500.0,0.0,0.04157400015132864,0.004610035134143992,0.027511334973315416,0.004973865561975394
GNN_42_full_graph,9,jaccard_shared_neighbors,low,5,0.4593341551256393,0.013637065336778768,-0.039300752788901286,0.01545160408217575,0.4593341551256393,0.013637065336778732,0.23666939598163542,0.006355348224711298,500.0,0.0,1499.8,0.4472135954999579,0.00011714428781212792,5.267936595045679e-05,0.0,0.0
GNN_42_full_graph,9,jaccard_shared_neighbors,mid,5,0.5344252057739285,0.004268455061386725,0.04305643212948337,0.0028402345743954974,0.5344252057739285,0.004268455061386731,0.2467301533817079,0.005029514429654026,500.0,0.0,1500.2,0.4472135954999579,0.0048257509954171525,0.0006427875159542844,0.004446782193841125,0.0006266552314961861
GNN_42_full_graph,9,shared_neighbor_count,high,5,0.4893953968138411,0.013186774317628979,-0.004497750666179812,0.012558548017245982,0.4893953968138411,0.013186774317628958,0.22711164951324664,0.004143649806446281,500.0,0.0,1502.0,16.077935190813527,60.47728116959949,6.424965486489838,36.7,7.870832230456955
GNN_42_full_graph,9,shared_neighbor_count,low,5,0.4613690775038222,0.012528017326202647,-0.037514149149326624,0.014056824506679376,0.4613690775038222,0.012528017326202682,0.24919968982370908,0.011840823186637182,500.0,0.0,1427.8,105.48554403329396,0.11789969454157685,0.11931635232405417,0.0,0.0
GNN_42_full_graph,9,shared_neighbor_count,mid,5,0.5305843327407695,0.00593497926358613,0.03911393974564357,0.007452088688282311,0.5305843327407695,0.005934979263586144,0.23759696464735564,0.015138550272571927,500.0,0.0,1570.2,107.27860923781591,5.615930954821674,1.1233993707263243,5.0,1.4142135623730951
HGT_42_full_graph,4,adamic_adar_score,high,5,0.45644827586206904,0.018915763979325484,-0.011605464175127377,0.023604680993044823,0.456448275862069,0.018915763979325446,0.41774323593651036,0.017883087129189096,500.0,0.0,667.0,0.0,8.498377004556213,0.946247112419651,5.03635892868042,1.1287991659944543
HGT_42_full_graph,4,adamic_adar_score,low,5,0.7042410965688327,0.0051240363615843755,0.13807567999882456,0.022155399509171128,0.7042410965688328,0.005124036361584348,0.6447009344050502,0.017939897214860674,500.0,0.0,666.8,0.4472135954999579,0.021384394568568853,0.008672075413127936,0.0,0.0
HGT_42_full_graph,4,adamic_adar_score,mid,5,0.6314007545776661,0.015116732220383967,0.10118866172205818,0.01477107070037541,0.6314007545776661,0.015116732220383953,0.5597611181687773,0.015523820706926664,500.0,0.0,666.2,0.4472135954999579,0.82074156736349,0.13281152525453235,0.7639407694339753,0.1471413795962675
HGT_42_full_graph,4,jaccard_shared_neighbors,high,5,0.4550861260986273,0.016556627769704128,-0.016555031972057738,0.020884271013404374,0.45508612609862736,0.01655662776970414,0.4150854769426694,0.015763212764288735,500.0,0.0,667.2,0.44721359549995804,0.04156593074664368,0.0048258297802419615,0.027598557457488276,0.005628571606052741
HGT_42_full_graph,4,jaccard_shared_neighbors,low,5,0.6979939939939939,0.004383133125989239,0.1362171124865774,0.021984577345456485,0.697993993993994,0.004383133125989276,0.6377559700391556,0.01843203139798974,500.0,0.0,666.0,0.0,0.00010591466752249135,5.098296561131398e-05,0.0,0.0
HGT_42_full_graph,4,jaccard_shared_neighbors,mid,5,0.6391536502019262,0.01687431093087691,0.10808104505370378,0.01794861800088892,0.639153650201926,0.016874310930876907,0.5717778508817266,0.019634762162274486,500.0,0.0,666.8,0.44721359549995804,0.004789644986922606,0.0007190980438648862,0.0044175016038203304,0.0006913635579258826
HGT_42_full_graph,4,shared_neighbor_count,high,5,0.45745225086280683,0.018722117603881722,-0.010862047095587657,0.02361236513338829,0.45745225086280683,0.018722117603881743,0.4176327461466321,0.01771161405978831,500.0,0.0,669.2,6.180614856144977,60.48942316731736,6.932640120666062,35.5,8.52936105461599
HGT_42_full_graph,4,shared_neighbor_count,low,5,0.7034093981685187,0.00467113473859046,0.13711646394990962,0.022189897032085813,0.7034093981685186,0.0046711347385905025,0.6570225622851565,0.022506811743558026,500.0,0.0,624.4,54.46374941187946,0.08682673138597556,0.11889248200736223,0.0,0.0
HGT_42_full_graph,4,shared_neighbor_count,mid,5,0.6358957440929409,0.016071296140682395,0.10352131288605948,0.014722076505438126,0.6358957440929409,0.01607129614068248,0.5511661213410619,0.020925812010640813,500.0,0.0,706.4,50.62410493035902,5.5158159175529535,1.2846686103647644,5.0,1.4142135623730951
HGT_42_full_graph,9,adamic_adar_score,high,5,0.46315039999999996,0.012837343352717325,-0.010386219183226086,0.014348041110417917,0.46315039999999996,0.012837343352717322,0.2449331623061572,0.008646803965807743,500.0,0.0,1500.0,0.0,8.488196914720536,0.9399683584963495,5.1592813491821286,1.0971255017455483
HGT_42_full_graph,9,adamic_adar_score,low,5,0.7050294583593948,0.009561922907551685,0.1331027197249463,0.0158916416158403,0.7050294583593948,0.00956192290755171,0.44511396803152303,0.014153102932512882,500.0,0.0,1500.6,1.5165750888103102,0.023264028162509588,0.008791756144151917,0.0,0.0
HGT_42_full_graph,9,adamic_adar_score,mid,5,0.6328939137182161,0.008135209930873263,0.10236292644850373,0.015499817852552705,0.6328939137182161,0.008135209930873268,0.3733648042909396,0.01070314155472739,500.0,0.0,1499.4,1.5165750888103102,0.8281364111038215,0.11780942576527485,0.7521747052669525,0.10846834473397174
HGT_42_full_graph,9,jaccard_shared_neighbors,high,5,0.4621392,0.011061558403367526,-0.012577622362192032,0.015855261543606586,0.4621392,0.011061558403367535,0.24367968179456678,0.008885188747375518,500.0,0.0,1500.0,0.0,0.04157400015132864,0.004610035134143992,0.027511334973315416,0.004973865561975394
HGT_42_full_graph,9,jaccard_shared_neighbors,low,5,0.7038944933066488,0.010117127565949716,0.1332187733426431,0.016037523039031575,0.703894493306649,0.010117127565949688,0.44453347691135325,0.015526488272240537,500.0,0.0,1499.8,0.4472135954999579,0.00011714428781212792,5.267936595045679e-05,0.0,0.0
HGT_42_full_graph,9,jaccard_shared_neighbors,mid,5,0.6350769796135911,0.00612034115541712,0.10445242548736042,0.014357115818609928,0.6350769796135909,0.0061203411554171154,0.37805286578572256,0.01084551655634809,500.0,0.0,1500.2,0.4472135954999579,0.0048257509954171525,0.0006427875159542844,0.004446782193841125,0.0006266552314961861
HGT_42_full_graph,9,shared_neighbor_count,high,5,0.4643031677525406,0.0112200508026259,-0.009453869665560981,0.0139568940765836,0.4643031677525406,0.01122005080262592,0.24523590301466003,0.00840460399634529,500.0,0.0,1502.0,16.077935190813527,60.47728116959949,6.424965486489838,36.7,7.870832230456955
HGT_42_full_graph,9,shared_neighbor_count,low,5,0.7049815165387142,0.009591393471533993,0.13264637670752744,0.01604891607463711,0.7049815165387142,0.009591393471533993,0.46188131776879526,0.011639305099173358,500.0,0.0,1396.2,134.75236547088886,0.09536046486967956,0.13065100883344397,0.0,0.0
HGT_42_full_graph,9,shared_neighbor_count,mid,5,0.63660712867714,0.006770472332888762,0.10364642750483803,0.015063722340369724,0.63660712867714,0.006770472332888762,0.36252037570103224,0.020873166727666256,500.0,0.0,1601.8,138.17633661376323,5.543437124932161,1.1801250322870915,5.0,1.4142135623730951
TxGAT_42_full_graph,4,adamic_adar_score,high,5,0.4739226386806597,0.027368875455386747,-0.03485560092496355,0.028348521108860412,0.4739226386806597,0.027368875455386747,0.39360110258280595,0.016529368703960025,500.0,0.0,667.0,0.0,8.498377004556213,0.946247112419651,5.03635892868042,1.1287991659944543
TxGAT_42_full_graph,4,adamic_adar_score,low,5,0.6295781073427251,0.0142742029145485,0.12468899465557522,0.012597418058866565,0.6295781073427251,0.014274202914548444,0.5506256194517012,0.01780071044429231,500.0,0.0,666.8,0.4472135954999579,0.021384394568568853,0.008672075413127936,0.0,0.0
TxGAT_42_full_graph,4,adamic_adar_score,mid,5,0.5809914106010059,0.02207979152244301,0.0730613610369388,0.017310714471401586,0.5809914106010059,0.022079791522443007,0.4799734769055396,0.011317834544734557,500.0,0.0,666.2,0.4472135954999579,0.82074156736349,0.13281152525453235,0.7639407694339753,0.1471413795962675
TxGAT_42_full_graph,4,jaccard_shared_neighbors,high,5,0.4692913528265807,0.026360554218937477,-0.039945035753243444,0.02754252334914533,0.4692913528265807,0.026360554218937446,0.39048814055365483,0.015619350133985035,500.0,0.0,667.2,0.44721359549995804,0.04156593074664368,0.0048258297802419615,0.027598557457488276,0.005628571606052741
TxGAT_42_full_graph,4,jaccard_shared_neighbors,low,5,0.6309135135135135,0.013795650907003687,0.12673384340933105,0.013360583585890333,0.6309135135135134,0.013795650907003743,0.5564392308914112,0.01889203342345986,500.0,0.0,666.0,0.0,0.00010591466752249135,5.098296561131398e-05,0.0,0.0
TxGAT_42_full_graph,4,jaccard_shared_neighbors,mid,5,0.5843837261549405,0.022603065696614674,0.07620981339982077,0.01794545715257197,0.5843837261549405,0.022603065696614726,0.48282218594868864,0.012709207679117778,500.0,0.0,666.8,0.44721359549995804,0.004789644986922606,0.0007190980438648862,0.0044175016038203304,0.0006913635579258826
TxGAT_42_full_graph,4,shared_neighbor_count,high,5,0.47386541188748754,0.027635361788189716,-0.03508795137462225,0.028777968426014468,0.4738654118874875,0.027635361788189705,0.39275445026772066,0.017356182435506597,500.0,0.0,669.2,6.180614856144977,60.48942316731736,6.932640120666062,35.5,8.52936105461599
TxGAT_42_full_graph,4,shared_neighbor_count,low,5,0.6324608276524573,0.013687334977757211,0.12787685518301734,0.01476833269483061,0.6324608276524575,0.01368733497775725,0.573964185099606,0.040522162797789446,500.0,0.0,622.4,51.3156896085398,0.08454137718758245,0.11582869075852811,0.0,0.0
TxGAT_42_full_graph,4,shared_neighbor_count,mid,5,0.582410010401514,0.020889319827667827,0.07464867118647124,0.015998364843183847,0.582410010401514,0.020889319827667827,0.4665358091729508,0.019077654079180082,500.0,0.0,708.4,47.33708905287692,5.49813431222767,1.264245267366414,5.0,1.4142135623730951
TxGAT_42_full_graph,9,adamic_adar_score,high,5,0.47997973333333344,0.026824942959864793,-0.029824845350164997,0.026465779206904516,0.47997973333333344,0.026824942959864807,0.22749761389211048,0.010227906458562662,500.0,0.0,1500.0,0.0,8.488196914720536,0.9399683584963495,5.1592813491821286,1.0971255017455483
TxGAT_42_full_graph,9,adamic_adar_score,low,5,0.6260067184060368,0.026381833946859345,0.12061574559937763,0.019954960986069577,0.6260067184060368,0.02638183394685936,0.34976931305243364,0.020830869943632018,500.0,0.0,1498.6,1.6733200530681511,0.023092729736274246,0.008707501674720102,0.0,0.0
TxGAT_42_full_graph,9,adamic_adar_score,mid,5,0.5876786067761702,0.022652765239132396,0.08032374987769383,0.01714362727852687,0.5876786067761703,0.022652765239132382,0.296962967814731,0.00839905696918673,500.0,0.0,1501.4,1.6733200530681511,0.827250201746318,0.1177817774741169,0.7505556225776673,0.10662061834087531
TxGAT_42_full_graph,9,jaccard_shared_neighbors,high,5,0.47345066666666663,0.02315156100328631,-0.03652795006226535,0.02351438610221198,0.47345066666666663,0.02315156100328638,0.22466254376559452,0.008619311819089223,500.0,0.0,1500.0,0.0,0.04157400015132864,0.004610035134143992,0.027511334973315416,0.004973865561975394
TxGAT_42_full_graph,9,jaccard_shared_neighbors,low,5,0.6282356016010674,0.026568747805715685,0.12369425732233177,0.01945876114047407,0.6282356016010674,0.026568747805715703,0.35663936455136,0.02137531154174493,500.0,0.0,1499.8,0.4472135954999579,0.00011714428781212792,5.267936595045679e-05,0.0,0.0
TxGAT_42_full_graph,9,jaccard_shared_neighbors,mid,5,0.5919466659560293,0.02370801662653178,0.08391643432676318,0.0183695649376172,0.5919466659560293,0.023708016626531856,0.29939479090562326,0.009443061330055298,500.0,0.0,1500.2,0.4472135954999579,0.0048257509954171525,0.0006427875159542844,0.004446782193841125,0.0006266552314961861
TxGAT_42_full_graph,9,shared_neighbor_count,high,5,0.48101447120860563,0.026489386954246734,-0.028904910362327473,0.025837397438313377,0.48101447120860563,0.026489386954246696,0.2263980254313251,0.010650766253748715,500.0,0.0,1512.8,17.369513522260778,60.134182738425395,6.315037794725178,36.2,8.043631020876083
TxGAT_42_full_graph,9,shared_neighbor_count,low,5,0.6257006069816853,0.026248416800056247,0.12086660782676226,0.019840063609250804,0.6257006069816853,0.026248416800056344,0.36929685326371453,0.035330509695992225,500.0,0.0,1396.2,134.75236547088886,0.09536046486967956,0.13065100883344397,0.0,0.0
TxGAT_42_full_graph,9,shared_neighbor_count,mid,5,0.5903361404148735,0.020880326594833905,0.08271354884686463,0.015714848319411914,0.5903361404148734,0.02088032659483388,0.28758447778383645,0.016161275959482406,500.0,0.0,1591.0,150.37785741258585,5.490785021788791,1.1031121241664812,4.8,1.0954451150103321
TxGNN_42_full_graph,4,adamic_adar_score,high,5,0.4817535232383808,0.028655243238440705,-0.028297690298853116,0.028294083293189345,0.48175352323838083,0.02865524323844073,0.3961610928525082,0.015997230155766425,500.0,0.0,667.0,0.0,8.498377004556213,0.946247112419651,5.03635892868042,1.1287991659944543
TxGNN_42_full_graph,4,adamic_adar_score,low,5,0.6256991420120055,0.010611486371875608,0.12349429236422996,0.011111173523154704,0.6256991420120055,0.010611486371875608,0.5570737134061805,0.021209555936276322,500.0,0.0,665.6,0.8944271909999159,0.021096284866680654,0.008603995145646226,0.0,0.0
TxGNN_42_full_graph,4,adamic_adar_score,mid,5,0.5791864885677677,0.02495604055571523,0.07332587023274806,0.019652230917633018,0.5791864885677677,0.024956040555715247,0.48132945940286537,0.013918898126056194,500.0,0.0,667.4,0.8944271909999159,0.8195975057802831,0.13269716216911423,0.7629386186599731,0.1475929641759147
TxGNN_42_full_graph,4,jaccard_shared_neighbors,high,5,0.47746482597024836,0.025882647032619863,-0.03276351355797428,0.02560242064598836,0.4774648259702484,0.0258826470326199,0.3932687645522448,0.014197631430611158,500.0,0.0,667.2,0.44721359549995804,0.04156593074664368,0.0048258297802419615,0.027598557457488276,0.005628571606052741
TxGNN_42_full_graph,4,jaccard_shared_neighbors,low,5,0.6278042042042042,0.01049183097728871,0.12590925899139935,0.010609400682179295,0.6278042042042042,0.010491830977288662,0.56233341984404,0.01910827521459727,500.0,0.0,666.0,0.0,0.00010591466752249135,5.098296561131398e-05,0.0,0.0
TxGNN_42_full_graph,4,jaccard_shared_neighbors,mid,5,0.5813703904804355,0.025129506607781887,0.0753739467286262,0.02044907853364498,0.5813703904804355,0.025129506607781935,0.4837187801397601,0.015641328542831893,500.0,0.0,666.8,0.44721359549995804,0.004789644986922606,0.0007190980438648862,0.0044175016038203304,0.0006913635579258826
TxGNN_42_full_graph,4,shared_neighbor_count,high,5,0.48232254558880416,0.028744301843376306,-0.02808169018680908,0.028300526162636563,0.48232254558880416,0.028744301843376303,0.3935466820316878,0.017517867738382632,500.0,0.0,675.0,9.354143466934854,60.075733325400186,6.789588852040924,34.9,8.677557259966655
TxGNN_42_full_graph,4,shared_neighbor_count,low,5,0.6262145815265457,0.00801267639350467,0.12457612271889625,0.01098464747518845,0.6262145815265457,0.00801267639350467,0.5883391347284419,0.03219755955439781,500.0,0.0,594.2,46.86363195485386,0.043373493975903614,0.0969860809517981,0.0,0.0
TxGNN_42_full_graph,4,shared_neighbor_count,mid,5,0.583782162308963,0.023556152510820095,0.0782345394790482,0.018181537758898848,0.5837821623089631,0.02355615251082007,0.4646734106000043,0.01977363290808486,500.0,0.0,730.8,54.956346312323205,5.23438048593044,0.9841014696855577,4.8,1.3038404810405297
TxGNN_42_full_graph,9,adamic_adar_score,high,5,0.48641493333333335,0.021603314095552842,-0.023880610727242714,0.019598462650012676,0.48641493333333335,0.02160331409555282,0.22912632461093912,0.0074760494190373875,500.0,0.0,1500.0,0.0,8.488196914720536,0.9399683584963495,5.1592813491821286,1.0971255017455483
TxGNN_42_full_graph,9,adamic_adar_score,low,5,0.6233856084189673,0.022669087125494924,0.12083539171237981,0.017338906059250772,0.6233856084189673,0.022669087125494952,0.3638946973983561,0.019520215037573216,500.0,0.0,1497.2,4.207136793592526,0.02297702628502276,0.008686831172257341,0.0,0.0
TxGNN_42_full_graph,9,adamic_adar_score,mid,5,0.5829669228367055,0.02687019486018917,0.07659046576208609,0.021443184568872835,0.5829669228367054,0.02687019486018922,0.2958710977418503,0.010501865568837853,500.0,0.0,1502.8,4.207136793592526,0.8266589796268763,0.1180100368285088,0.7489467680454254,0.10795141078162557
TxGNN_42_full_graph,9,jaccard_shared_neighbors,high,5,0.4811613333333334,0.01860794372782167,-0.029290931257484287,0.017646125278242945,0.4811613333333334,0.018607943727821655,0.22679853349005588,0.006304592559172214,500.0,0.0,1500.0,0.0,0.04157400015132864,0.004610035134143992,0.027511334973315416,0.004973865561975394
TxGNN_42_full_graph,9,jaccard_shared_neighbors,low,5,0.6265762610629309,0.022859072313299002,0.12452083831920135,0.016659900738218623,0.626576261062931,0.022859072313298968,0.371972715928445,0.01954291140166431,500.0,0.0,1499.8,0.4472135954999579,0.00011714428781212792,5.267936595045679e-05,0.0,0.0
TxGNN_42_full_graph,9,jaccard_shared_neighbors,mid,5,0.5849578398401066,0.02709386657431707,0.07823903358085568,0.021666842958764358,0.5849578398401066,0.027093866574317015,0.2971082195701686,0.010498625396154126,500.0,0.0,1500.2,0.4472135954999579,0.0048257509954171525,0.0006427875159542844,0.004446782193841125,0.0006266552314961861
TxGNN_42_full_graph,9,shared_neighbor_count,high,5,0.48752728004508733,0.02170870767215836,-0.022788269847869524,0.019509214854274794,0.48752728004508733,0.02170870767215836,0.22769830892161397,0.008175211987953873,500.0,0.0,1516.4,23.985412233272122,60.025115412170564,6.2992926219400625,36.0,8.154753215150045
TxGNN_42_full_graph,9,shared_neighbor_count,low,5,0.6223601448957392,0.021270049652445257,0.12056048033731455,0.01620616603435766,0.6223601448957392,0.021270049652445343,0.38750452326997065,0.031735399020541205,500.0,0.0,1366.8,107.09668528950839,0.07922539518860075,0.11336273359579269,0.0,0.0
TxGNN_42_full_graph,9,shared_neighbor_count,mid,5,0.5874441248725737,0.025423494153169173,0.08072036603292311,0.020112396601398574,0.5874441248725738,0.025423494153169097,0.2850862391564194,0.017328158172081564,500.0,0.0,1616.8,130.74096527102742,5.367059482800464,0.950881873815493,4.8,1.0954451150103321
TxGNN_42_full_graph_pretrained,4,adamic_adar_score,high,5,0.6573871064467767,0.010550150340226426,0.09399711642458175,0.011883142914997964,0.6573871064467767,0.010550150340226473,0.6025860284030177,0.016547111885785143,500.0,0.0,667.0,0.0,8.498377004556213,0.946247112419651,5.03635892868042,1.1287991659944543
TxGNN_42_full_graph_pretrained,4,adamic_adar_score,low,5,0.6725952186609773,0.009854971355425457,0.1069958233775932,0.00740552468152977,0.6725952186609773,0.009854971355425405,0.6401567288653958,0.017211375066102583,500.0,0.0,664.8,1.0954451150103321,0.02095189505160698,0.008635202670799058,0.0,0.0
TxGNN_42_full_graph_pretrained,4,adamic_adar_score,mid,5,0.6787071370615523,0.014157609309658868,0.10335794744472124,0.009846346135879787,0.6787071370615523,0.014157609309658889,0.627708767179065,0.012522955676287948,500.0,0.0,668.2,1.0954451150103321,0.8188953774835642,0.13331355569175082,0.7623646199703217,0.14807209870814417
TxGNN_42_full_graph_pretrained,4,jaccard_shared_neighbors,high,5,0.6547710644677661,0.00927388116644761,0.09191393616133037,0.010524466805436044,0.6547710644677662,0.009273881166447645,0.5964518969829197,0.017163551590813512,500.0,0.0,667.2,0.44721359549995804,0.04156593074664368,0.0048258297802419615,0.027598557457488276,0.005628571606052741
TxGNN_42_full_graph_pretrained,4,jaccard_shared_neighbors,low,5,0.6684354354354355,0.00850559609814648,0.10642205579216421,0.006823668458194978,0.6684354354354355,0.008505596098146528,0.6369551621047636,0.013924451664758733,500.0,0.0,666.0,0.0,0.00010591466752249135,5.098296561131398e-05,0.0,0.0
TxGNN_42_full_graph_pretrained,4,jaccard_shared_neighbors,mid,5,0.6854825641233437,0.015501557295951873,0.10601090025655409,0.011756411660187208,0.6854825641233437,0.015501557295951922,0.63736083648358,0.0179554568614177,500.0,0.0,666.8,0.44721359549995804,0.004789644986922606,0.0007190980438648862,0.0044175016038203304,0.0006913635579258826
TxGNN_42_full_graph_pretrained,4,shared_neighbor_count,high,5,0.6589736086312054,0.010484610963391445,0.0946023807344995,0.011672596452496352,0.6589736086312052,0.010484610963391398,0.601605745567157,0.016574374881074997,500.0,0.0,676.0,11.40175425099138,60.007896812002215,6.7779018832909665,34.9,8.677557259966655
TxGNN_42_full_graph_pretrained,4,shared_neighbor_count,low,5,0.6675427435059375,0.008824775698709951,0.10543340160432399,0.006238040450844726,0.6675427435059375,0.008824775698710055,0.6581091381727704,0.02455926997987073,500.0,0.0,594.2,46.86363195485386,0.043373493975903614,0.0969860809517981,0.0,0.0
TxGNN_42_full_graph_pretrained,4,shared_neighbor_count,mid,5,0.6801852927609664,0.015629976688346765,0.10428268366472308,0.010394703040927527,0.6801852927609666,0.0156299766883467,0.6122879705618371,0.008966145861525623,500.0,0.0,729.8,56.89639707398,5.223095390563778,0.9622235324773173,4.8,1.3038404810405297
TxGNN_42_full_graph_pretrained,9,adamic_adar_score,high,5,0.6565088,0.01120024343386244,0.09488302717178507,0.011729632416084724,0.6565088000000001,0.011200243433862377,0.4134136631297164,0.019361307349247504,500.0,0.0,1500.0,0.0,8.488196914720536,0.9399683584963495,5.1592813491821286,1.0971255017455483
TxGNN_42_full_graph_pretrained,9,adamic_adar_score,low,5,0.6668768380306946,0.013521376999524654,0.10767138343087759,0.008603621661642174,0.6668768380306949,0.013521376999524734,0.46771027106463414,0.017617040422345024,500.0,0.0,1497.2,4.207136793592526,0.02297702628502276,0.008686831172257341,0.0,0.0
TxGNN_42_full_graph_pretrained,9,adamic_adar_score,mid,5,0.6801704424961601,0.009759998702686462,0.10325137136133362,0.008583250902581881,0.6801704424961601,0.00975999870268647,0.44658352666364054,0.00995716376769382,500.0,0.0,1502.8,4.207136793592526,0.8266589796268763,0.1180100368285088,0.7489467680454254,0.10795141078162557
TxGNN_42_full_graph_pretrained,9,jaccard_shared_neighbors,high,5,0.6512890666666667,0.011634261105315907,0.09253865324444467,0.010966040383080258,0.6512890666666667,0.011634261105315973,0.405042377652876,0.017580505336268513,500.0,0.0,1500.0,0.0,0.04157400015132864,0.004610035134143992,0.027511334973315416,0.004973865561975394
TxGNN_42_full_graph_pretrained,9,jaccard_shared_neighbors,low,5,0.6643577740716033,0.012586440369510342,0.1080731933899148,0.008481373409674468,0.6643577740716033,0.012586440369510288,0.4670986873558398,0.01595803165264326,500.0,0.0,1499.8,0.4472135954999579,0.00011714428781212792,5.267936595045679e-05,0.0,0.0
TxGNN_42_full_graph_pretrained,9,jaccard_shared_neighbors,mid,5,0.6879170207417278,0.009186959951010222,0.10519010787834995,0.009317747980891683,0.6879170207417277,0.009186959951010201,0.45752553054727657,0.009762122927202237,500.0,0.0,1500.2,0.4472135954999579,0.0048257509954171525,0.0006427875159542844,0.004446782193841125,0.0006266552314961861
TxGNN_42_full_graph_pretrained,9,shared_neighbor_count,high,5,0.6569138253319744,0.011497824705570443,0.09506679126923724,0.011374124196889206,0.6569138253319744,0.011497824705570479,0.4084733536154375,0.017415744803258023,500.0,0.0,1536.2,16.976454282328802,59.48364797019913,6.970669050509661,35.6,8.532291603080617
TxGNN_42_full_graph_pretrained,9,shared_neighbor_count,low,5,0.661769998708693,0.015473631001341274,0.10626756870949139,0.008269215274985512,0.661769998708693,0.015473631001341307,0.4967745790537167,0.023140515144495537,500.0,0.0,1269.4,67.73330052492645,0.01568,0.0350615458871967,0.0,0.0
TxGNN_42_full_graph_pretrained,9,shared_neighbor_count,mid,5,0.6823419227394336,0.0077903920552640435,0.10493024932716426,0.009157201615742704,0.6823419227394336,0.007790392055264062,0.42640828134304154,0.01022616712340247,500.0,0.0,1694.4,65.59954268133278,4.9815719055818946,0.6201060276749486,4.2,0.8366600265340756
llama3-8b,4,adamic_adar_score,high,5,0.6545255255255255,0.014870119646328827,0.1285175886335009,0.011159175135819759,0.6545255255255255,0.014870119646328813,0.6178048059174533,0.021025769996319648,500.0,0.0,666.0,0.0,8.508409430458023,0.9473813751087324,5.0429881572723385,1.1267744271779798
llama3-8b,4,adamic_adar_score,low,5,0.6805481259370314,0.01584654957359259,0.15918264520259776,0.017974904883664326,0.6805481259370314,0.01584654957359261,0.6525025469694858,0.01756863716548994,500.0,0.0,667.0,0.0,0.021424876781239145,0.00869887318686737,0.0,0.0
llama3-8b,4,adamic_adar_score,mid,5,0.6422542728635682,0.010736304845765057,0.1170778494036133,0.009275268234656766,0.6422542728635682,0.010736304845765062,0.6111177938070183,0.01336676493739476,500.0,0.0,667.0,0.0,0.8224641208527149,0.133141246985166,0.765396773815155,0.14795115057742814
llama3-8b,4,jaccard_shared_neighbors,high,5,0.6561627627627628,0.015603330146459343,0.12974207639379404,0.012963642597276366,0.6561627627627628,0.01560333014645939,0.6237441879106785,0.01815724655156904,500.0,0.0,666.0,0.0,0.041622925820365614,0.004835609925607949,0.027682763133261856,0.0056130895131169005
llama3-8b,4,jaccard_shared_neighbors,low,5,0.6756575613390909,0.015577085485222889,0.1546154622230469,0.017296356938123553,0.675657561339091,0.0155770854852229,0.645031565109852,0.017425774637105967,500.0,0.0,667.2,0.4472135954999579,0.00010740101791425296,5.111462263529941e-05,0.0,0.0
llama3-8b,4,jaccard_shared_neighbors,mid,5,0.6454992062527294,0.007541950093806197,0.12041112102446841,0.006479517547516288,0.6454992062527295,0.0075419500938061134,0.6116274149674126,0.012653464148041213,500.0,0.0,666.8,0.4472135954999579,0.004806202376259165,0.0007180632423622371,0.004434236869632806,0.0006808967908119882
llama3-8b,4,shared_neighbor_count,high,5,0.6545650267076084,0.014996077792930556,0.12872066429635878,0.01096169049793714,0.6545650267076084,0.014996077792930594,0.6243536243260261,0.020251873831781245,500.0,0.0,652.6,9.289779329994872,61.64570744010488,6.379039346533546,36.8,7.694153624668537
llama3-8b,4,shared_neighbor_count,low,5,0.6761758574319747,0.01751719419751684,0.15415537544249253,0.019225636758334178,0.6761758574319747,0.01751719419751693,0.6277748236404339,0.026138307789894188,500.0,0.0,736.4,40.494444063352695,0.2407296785060608,0.032435214279024974,0.0,0.0
llama3-8b,4,shared_neighbor_count,mid,5,0.6437388830480499,0.00917413864735112,0.11885101025758175,0.008137881540400745,0.6437388830480499,0.009174138647351164,0.6288052129400922,0.012051169773533866,500.0,0.0,611.0,31.63068130786942,6.416967636943378,0.6489802876450882,6.0,0.7071067811865476
llama3-8b,9,adamic_adar_score,high,5,0.6535386666666667,0.014546048932804933,0.12647308742087193,0.011495918814284892,0.6535386666666667,0.014546048932804978,0.44259670365987586,0.016672321251240792,500.0,0.0,1500.0,0.0,8.488196914720536,0.9399683584963495,5.1592813491821286,1.0971255017455483
llama3-8b,9,adamic_adar_score,low,5,0.678568835006208,0.013139154698660812,0.15677763285779742,0.014496396813137094,0.6785688350062079,0.013139154698660806,0.4896578548599916,0.02142407561453662,500.0,0.0,1501.2,1.3038404810405297,0.023314614565473766,0.00870868332759918,0.0,0.0
llama3-8b,9,adamic_adar_score,mid,5,0.6444372388931835,0.012020848179986516,0.12084768567150442,0.010257238747426914,0.6444372388931834,0.012020848179986554,0.43715062589587894,0.009263062692230912,500.0,0.0,1498.8,1.3038404810405297,0.8283844772109001,0.11762503637247763,0.7525795757770538,0.10811117352655854
llama3-8b,9,jaccard_shared_neighbors,high,5,0.6528416,0.017956634240426136,0.12597454383823722,0.015760948226631204,0.6528415999999999,0.01795663424042614,0.4455875746983544,0.018434931724912704,500.0,0.0,1500.0,0.0,0.04157400015132864,0.004610035134143992,0.027511334973315416,0.004973865561975394
llama3-8b,9,jaccard_shared_neighbors,low,5,0.6745196562291806,0.012777972185148753,0.15251550787317072,0.013102035622460848,0.6745196562291805,0.012777972185148766,0.48368954000742964,0.018850073332399547,500.0,0.0,1500.2,0.4472135954999579,0.00011742482126704834,5.299792375354661e-05,0.0,0.0
llama3-8b,9,jaccard_shared_neighbors,mid,5,0.6492040135201245,0.010429014310284772,0.12562985592670514,0.009985207479107533,0.6492040135201245,0.010429014310284791,0.43903534126273114,0.01434648048907779,500.0,0.0,1499.8,0.4472135954999579,0.004826889003147424,0.000644243137396081,0.004447617148377851,0.0006277360438304378
llama3-8b,9,shared_neighbor_count,high,5,0.6534208620343984,0.014395946897265217,0.1261862679260625,0.011525062792882509,0.6534208620343984,0.01439594689726514,0.44590187985964513,0.01494394806332565,500.0,0.0,1481.4,15.614096195425466,61.19476961463655,7.170458658172244,37.3,8.438009243891594
llama3-8b,9,shared_neighbor_count,low,5,0.6735919314929318,0.014781671699928526,0.15140567596519985,0.015707947300478066,0.6735919314929318,0.014781671699928544,0.4654215406809506,0.02817079743827621,500.0,0.0,1637.8,97.15811854909501,0.2371096246935706,0.017234228019788835,0.0,0.0
llama3-8b,9,shared_neighbor_count,mid,5,0.6473787467982389,0.010507524833773672,0.12428719047958676,0.008434825544037957,0.647378746798239,0.010507524833773674,0.45673935516868386,0.01929996624524102,500.0,0.0,1380.8,96.2948596758934,6.356228585260352,0.622246161919646,5.8,0.8366600265340756
qwen3-235b-a22b,4,adamic_adar_score,high,5,0.7110890554722639,0.01652925651458636,0.3061132177037985,0.0220389600144575,0.7110890554722639,0.016529256514586393,0.6699961195654334,0.02223720478420815,500.0,0.0,667.0,0.0,8.498377004556213,0.946247112419651,5.03635892868042,1.1287991659944543
qwen3-235b-a22b,4,adamic_adar_score,low,5,0.6997385307346327,0.012877790502543547,0.27230456734925756,0.014960270875158194,0.6997385307346327,0.012877790502543528,0.6592671989989911,0.00956327774926513,500.0,0.0,667.0,0.0,0.021424876781239145,0.00869887318686737,0.0,0.0
qwen3-235b-a22b,4,adamic_adar_score,mid,5,0.6814237237237237,0.010210619990451992,0.2510121387899315,0.02251412397508625,0.6814237237237237,0.010210619990451978,0.6273265082161569,0.019492376200472672,500.0,0.0,666.0,0.0,0.8209711520342499,0.13303853151431555,0.7644980609416961,0.1475885278178652
qwen3-235b-a22b,4,jaccard_shared_neighbors,high,5,0.7184606701153926,0.014778058960564876,0.31320072593710685,0.018648126423662523,0.7184606701153926,0.014778058960564845,0.6835239198378622,0.018672227111904686,500.0,0.0,666.8,0.44721359549995804,0.041585640414993776,0.004834123814333332,0.027627067386070903,0.005628372987204672
qwen3-235b-a22b,4,jaccard_shared_neighbors,low,5,0.6936947242594919,0.011966716805998586,0.2625634971767495,0.01314012441247155,0.6936947242594919,0.011966716805998619,0.6515284775426113,0.00946862596870482,500.0,0.0,666.8,0.4472135954999579,0.00010695019537702898,5.137305527868198e-05,0.0,0.0
qwen3-235b-a22b,4,jaccard_shared_neighbors,mid,5,0.6801095123609366,0.010508039419365862,0.2536885950386315,0.021212183637814186,0.6801095123609366,0.010508039419365777,0.6230802363266206,0.02305364186354409,500.0,0.0,666.4,0.5477225575051662,0.004797954178523821,0.0007192513113833591,0.004425821987586339,0.0006866939897038832
qwen3-235b-a22b,4,shared_neighbor_count,high,5,0.7122592156471418,0.016613270464004428,0.3073367208691485,0.02291673201564387,0.7122592156471418,0.016613270464004487,0.6712076639616713,0.02370026344064694,500.0,0.0,669.2,6.180614856144977,60.48942316731736,6.932640120666062,35.5,8.52936105461599
qwen3-235b-a22b,4,shared_neighbor_count,low,5,0.6984397742457678,0.013386208428836286,0.2705880210474602,0.013993829958939153,0.6984397742457678,0.013386208428836319,0.657173804176059,0.009422828249918986,500.0,0.0,670.2,32.49923076012723,0.15339649882783601,0.08959025407520464,0.0,0.0
qwen3-235b-a22b,4,shared_neighbor_count,mid,5,0.6808044983969598,0.010533376828340065,0.25035953097956465,0.023950750436793036,0.6808044983969598,0.010533376828340005,0.6284015120299585,0.02148076793288747,500.0,0.0,660.6,33.4708828685471,5.7641003516617655,1.0558932776977423,5.2,1.3038404810405297
qwen3-235b-a22b,9,adamic_adar_score,high,5,0.7087793333333333,0.013779676717704326,0.3007422971753302,0.01618990347195308,0.7087793333333332,0.01377967671770443,0.4989953888477448,0.015185977466955445,500.0,0.0,1500.0,0.0,8.488196914720536,0.9399683584963495,5.1592813491821286,1.0971255017455483
qwen3-235b-a22b,9,adamic_adar_score,low,5,0.6980609413404075,0.016107682884376084,0.2665936710350957,0.019939164261293756,0.6980609413404076,0.016107682884376084,0.4908518554454746,0.023565219054891236,500.0,0.0,1500.6,1.5165750888103102,0.023264028162509588,0.008791756144151917,0.0,0.0
qwen3-235b-a22b,9,adamic_adar_score,mid,5,0.6863759257873413,0.011716045000797466,0.2587614975849458,0.020785563255825142,0.6863759257873413,0.011716045000797544,0.45615742224993616,0.0242814922947064,500.0,0.0,1499.4,1.5165750888103102,0.8281364111038215,0.11780942576527485,0.7521747052669525,0.10846834473397174
qwen3-235b-a22b,9,jaccard_shared_neighbors,high,5,0.7128116,0.016719375975861775,0.3048234961620122,0.017985723327230696,0.7128115999999999,0.01671937597586171,0.5090137678522069,0.015580011645688993,500.0,0.0,1500.0,0.0,0.04157400015132864,0.004610035134143992,0.027511334973315416,0.004973865561975394
qwen3-235b-a22b,9,jaccard_shared_neighbors,low,5,0.6904197333333334,0.014526583192356158,0.2547035852361239,0.018925899942646148,0.6904197333333333,0.01452658319235617,0.4821364746994674,0.02123462689939933,500.0,0.0,1500.0,0.0,0.00011728464805073978,5.2838060214922266e-05,0.0,0.0
qwen3-235b-a22b,9,jaccard_shared_neighbors,mid,5,0.689994,0.013713332004537317,0.26657533191844685,0.02311232559510274,0.689994,0.013713332004537273,0.4564065950586812,0.02569669741963629,500.0,0.0,1500.0,0.0,0.004826319619946378,0.0006435139952414149,0.004447199671109488,0.0006271951757677716
qwen3-235b-a22b,9,shared_neighbor_count,high,5,0.7092103472294837,0.01354054053407191,0.30144625458410756,0.016115194891009408,0.7092103472294837,0.013540540534071903,0.4993967630115172,0.015609347857446738,500.0,0.0,1502.0,16.077935190813527,60.47728116959949,6.424965486489838,36.7,7.870832230456955
qwen3-235b-a22b,9,shared_neighbor_count,low,5,0.6944282347021242,0.01612889233494736,0.26146036109269233,0.019898572913649118,0.6944282347021241,0.01612889233494734,0.4795692049070913,0.02835190072716608,500.0,0.0,1544.2,116.60917631130063,0.18512110914742214,0.10727015966597195,0.0,0.0
qwen3-235b-a22b,9,shared_neighbor_count,mid,5,0.6888198524114397,0.010351424115543179,0.2626353009770702,0.018358387583380435,0.6888198524114397,0.01035142411554313,0.4666258665603607,0.01885533243094119,500.0,0.0,1453.8,109.95771914695212,5.939236320485401,0.8961915492576972,5.4,1.1401754250991378
qwen3-8b,4,adamic_adar_score,high,5,0.5911048048048049,0.008535709014101814,0.16547906836530316,0.014247076018517449,0.5911048048048049,0.008535709014101799,0.48349783708071953,0.006006901475207355,500.0,0.0,666.0,0.0,8.508409430458023,0.9473813751087324,5.0429881572723385,1.1267744271779798
qwen3-8b,4,adamic_adar_score,low,5,0.5895664167916042,0.008886879371066568,0.16674355008848463,0.014975716458574716,0.5895664167916042,0.008886879371066548,0.4806934351884484,0.006401709633194703,500.0,0.0,667.0,0.0,0.021424876781239145,0.00869887318686737,0.0,0.0
qwen3-8b,4,adamic_adar_score,mid,5,0.5717634182908545,0.012193832779104593,0.13447280637022369,0.021138379943033667,0.5717634182908545,0.012193832779104585,0.469019266531517,0.008335613249413884,500.0,0.0,667.0,0.0,0.8224641208527149,0.133141246985166,0.765396773815155,0.14795115057742814
qwen3-8b,4,jaccard_shared_neighbors,high,5,0.5970918918918919,0.011417932998960222,0.17537097675878505,0.01976334044210997,0.5970918918918919,0.011417932998960148,0.48793137626460875,0.008250727136330675,500.0,0.0,666.0,0.0,0.041622925820365614,0.004835609925607949,0.027682763133261856,0.0056130895131169005
qwen3-8b,4,jaccard_shared_neighbors,low,5,0.5851135058219394,0.009813055449924954,0.15838671375455365,0.01634393221690918,0.5851135058219393,0.009813055449924866,0.47775085329862116,0.006873035193248056,500.0,0.0,667.2,0.4472135954999579,0.00010740101791425296,5.111462263529941e-05,0.0,0.0
qwen3-8b,4,jaccard_shared_neighbors,mid,5,0.5702362435899169,0.009725443419044848,0.13294920392048595,0.017473928026250432,0.5702362435899169,0.00972544341904492,0.46777115445855955,0.006754473229770873,500.0,0.0,666.8,0.4472135954999579,0.004806202376259165,0.0007180632423622371,0.004434236869632806,0.0006808967908119882
qwen3-8b,4,shared_neighbor_count,high,5,0.591642963640169,0.008063669467590509,0.16665871248179429,0.013672324348849133,0.5916429636401688,0.008063669467590512,0.4863597048752683,0.007694526267438285,500.0,0.0,659.2,9.338094023943002,61.20302074060847,6.744136063339806,36.4,8.1117199162693
qwen3-8b,4,shared_neighbor_count,low,5,0.5860302988690876,0.010354736514303981,0.1598133170913903,0.016617698879150548,0.5860302988690876,0.010354736514304025,0.4563285244582911,0.02180778149811823,500.0,0.0,730.6,49.36901862504459,0.22580591418470614,0.01649052783433645,0.0,0.0
qwen3-8b,4,shared_neighbor_count,mid,5,0.5741689902955883,0.013479472481229762,0.13913430874501867,0.023692472229252356,0.5741689902955883,0.013479472481229698,0.4933564550972873,0.020677031571596338,500.0,0.0,610.2,46.20281376712895,6.299538419512103,0.6164898827239265,6.0,0.7071067811865476
qwen3-8b,9,adamic_adar_score,high,5,0.5900496000000001,0.01026918851711279,0.16265192476123486,0.017760664388652727,0.5900496000000001,0.010269188517112737,0.29366951917950024,0.005974412138807814,500.0,0.0,1500.0,0.0,8.488196914720536,0.9399683584963495,5.1592813491821286,1.0971255017455483
qwen3-8b,9,adamic_adar_score,low,5,0.5864072224003253,0.00806992134875413,0.16359462525246,0.014024530523301756,0.5864072224003253,0.008069921348754174,0.2894885828330858,0.004685985926677848,500.0,0.0,1501.2,1.3038404810405297,0.023314614565473766,0.00870868332759918,0.0,0.0
qwen3-8b,9,adamic_adar_score,mid,5,0.5787724378679109,0.011376162153649857,0.1467924847985517,0.020255703508208364,0.5787724378679109,0.011376162153649881,0.28628325653949327,0.006285878188495687,500.0,0.0,1498.8,1.3038404810405297,0.8283844772109001,0.11762503637247763,0.7525795757770538,0.10811117352655854
qwen3-8b,9,jaccard_shared_neighbors,high,5,0.5931108,0.01505828958414598,0.169023761205748,0.026593470146786972,0.5931108,0.015058289584145977,0.2953285118056833,0.008661848231771465,500.0,0.0,1500.0,0.0,0.04157400015132864,0.004610035134143992,0.027511334973315416,0.004973865561975394
qwen3-8b,9,jaccard_shared_neighbors,low,5,0.582403300111037,0.004411461456797125,0.1562340723552356,0.006138853397246672,0.582403300111037,0.004411461456797171,0.2873756192128608,0.002898556653677975,500.0,0.0,1500.2,0.4472135954999579,0.00011742482126704834,5.299792375354661e-05,0.0,0.0
qwen3-8b,9,jaccard_shared_neighbors,mid,5,0.5797255315098956,0.010111496876346555,0.14780225425287902,0.017820475894131698,0.5797255315098955,0.01011149687634659,0.2868604801826292,0.0057619770782743355,500.0,0.0,1499.8,0.4472135954999579,0.004826889003147424,0.000644243137396081,0.004447617148377851,0.0006277360438304378
qwen3-8b,9,shared_neighbor_count,high,5,0.5903002355803924,0.009807644189456611,0.1630007899668983,0.017282884101657913,0.5903002355803924,0.00980764418945665,0.2964084084627826,0.005426169175630049,500.0,0.0,1481.4,15.614096195425466,61.19476961463655,7.170458658172244,37.3,8.438009243891594
qwen3-8b,9,shared_neighbor_count,low,5,0.5830131789281019,0.008034582713128272,0.15733431439773155,0.013594023001266371,0.5830131789281019,0.008034582713128305,0.2706024222890896,0.013640773570455598,500.0,0.0,1637.8,97.15811854909501,0.2371096246935706,0.017234228019788835,0.0,0.0
qwen3-8b,9,shared_neighbor_count,mid,5,0.5819976785546841,0.011023517844695593,0.15254059972249595,0.01908419947439061,0.5819976785546841,0.011023517844695617,0.3056959274248249,0.015636938289458266,500.0,0.0,1380.8,96.2948596758934,6.356228585260352,0.622246161919646,5.8,0.8366600265340756
qwen3-8b-ablation,4,adamic_adar_score,high,5,0.4989273273273273,0.01775771004368879,0.0022756316690051735,0.007572241156322668,0.4989273273273273,0.01775771004368879,0.4328127267294809,0.013704797926860718,500.0,0.0,666.0,0.0,8.508409430458023,0.9473813751087324,5.0429881572723385,1.1267744271779798
qwen3-8b-ablation,4,adamic_adar_score,low,5,0.6032617691154423,0.013670087537718542,0.04253498298343732,0.004136478422397127,0.6032617691154423,0.013670087537718548,0.5266097958360525,0.021646719986703478,500.0,0.0,667.0,0.0,0.021424876781239145,0.00869887318686737,0.0,0.0
qwen3-8b-ablation,4,adamic_adar_score,mid,5,0.5557232383808095,0.012018213458576113,0.022374908639452483,0.005835229047594125,0.5557232383808095,0.01201821345857617,0.4700237546290317,0.007155275248487256,500.0,0.0,667.0,0.0,0.8224641208527149,0.133141246985166,0.765396773815155,0.14795115057742814
qwen3-8b-ablation,4,jaccard_shared_neighbors,high,5,0.4972630630630631,0.017529078958966736,0.002072884031583877,0.0069232128743058445,0.4972630630630631,0.017529078958966698,0.43116609262511113,0.013776100560209411,500.0,0.0,666.0,0.0,0.041622925820365614,0.004835609925607949,0.027682763133261856,0.0056130895131169005
qwen3-8b-ablation,4,jaccard_shared_neighbors,low,5,0.6058968237438167,0.016311428825220787,0.043203950631293585,0.005308312376392115,0.6058968237438167,0.016311428825220832,0.531820068121695,0.023086421029230336,500.0,0.0,667.2,0.4472135954999579,0.00010740101791425296,5.111462263529941e-05,0.0,0.0
qwen3-8b-ablation,4,jaccard_shared_neighbors,mid,5,0.5547373961667814,0.009901046715863797,0.02190228480434937,0.005354687065090363,0.5547373961667814,0.00990104671586388,0.46891107683433136,0.005075960371947434,500.0,0.0,666.8,0.4472135954999579,0.004806202376259165,0.0007180632423622371,0.004434236869632806,0.0006808967908119882
qwen3-8b-ablation,4,shared_neighbor_count,high,5,0.49832878810739684,0.016474899959986005,0.0021989459255614243,0.007209658814312827,0.49832878810739684,0.016474899959986005,0.4333501937548606,0.0145492904599932,500.0,0.0,663.4,8.87693640846886,60.87780602090195,6.5543980326292335,36.0,8.0
qwen3-8b-ablation,4,shared_neighbor_count,low,5,0.6024477760280591,0.01564855763251329,0.04190039481463641,0.004715922412560974,0.6024477760280591,0.01564855763251332,0.5037476293301951,0.027358777009382294,500.0,0.0,730.6,49.36901862504459,0.22580591418470614,0.01649052783433645,0.0,0.0
qwen3-8b-ablation,4,shared_neighbor_count,mid,5,0.5516427607813731,0.01499938296933977,0.020765359301166252,0.006820124099142535,0.5516427607813732,0.014999382969339742,0.4905457871572752,0.018006030744693646,500.0,0.0,606.0,51.73490117899134,6.247957901264918,0.6277005879657634,6.0,0.7071067811865476
qwen3-8b-ablation,9,adamic_adar_score,high,5,0.5023022666666667,0.013938656603529312,0.0026634353025876355,0.005367584562479229,0.5023022666666667,0.013938656603529307,0.25930556485479794,0.013795438130338315,500.0,0.0,1500.0,0.0,8.488196914720536,0.9399683584963495,5.1592813491821286,1.0971255017455483
qwen3-8b-ablation,9,adamic_adar_score,low,5,0.6069679729971522,0.011198992568361845,0.0448197809927164,0.0046521868349284085,0.6069679729971522,0.011198992568361855,0.3398576999776905,0.015682976987669277,500.0,0.0,1501.2,1.3038404810405297,0.023314614565473766,0.00870868332759918,0.0,0.0
qwen3-8b-ablation,9,adamic_adar_score,mid,5,0.553797054078541,0.010166037735987484,0.022820220515661748,0.005375007872278921,0.553797054078541,0.010166037735987487,0.28010058037507024,0.005609095473612439,500.0,0.0,1498.8,1.3038404810405297,0.8283844772109001,0.11762503637247763,0.7525795757770538,0.10811117352655854
qwen3-8b-ablation,9,jaccard_shared_neighbors,high,5,0.4997609333333334,0.011937843817969087,0.0025057400651542273,0.004437408965087647,0.4997609333333333,0.011937843817969031,0.2558797014326495,0.0123638584849639,500.0,0.0,1500.0,0.0,0.04157400015132864,0.004610035134143992,0.027511334973315416,0.004973865561975394
qwen3-8b-ablation,9,jaccard_shared_neighbors,low,5,0.609745866577837,0.013100513400723207,0.04553005775184058,0.00545113552276513,0.609745866577837,0.013100513400723294,0.34575210434489667,0.016114447853647813,500.0,0.0,1500.2,0.4472135954999579,0.00011742482126704834,5.299792375354661e-05,0.0,0.0
qwen3-8b-ablation,9,jaccard_shared_neighbors,mid,5,0.5536034257505004,0.008192134473266804,0.02228674075947599,0.004999420550118668,0.5536034257505003,0.008192134473266867,0.280649809875608,0.004637164662274253,500.0,0.0,1499.8,0.4472135954999579,0.004826889003147424,0.000644243137396081,0.004447617148377851,0.0006277360438304378
qwen3-8b-ablation,9,shared_neighbor_count,high,5,0.5011533661366748,0.014555504438238906,0.0022720894300226834,0.0054813723464813766,0.5011533661366748,0.014555504438238926,0.2609490409082572,0.013493937014901116,500.0,0.0,1481.4,15.614096195425466,61.19476961463655,7.170458658172244,37.3,8.438009243891594
qwen3-8b-ablation,9,shared_neighbor_count,low,5,0.6077691221141432,0.01255342987224177,0.04522554628761333,0.005080703710370228,0.6077691221141432,0.012553429872241773,0.32128676396270384,0.014571103036933654,500.0,0.0,1637.8,97.15811854909501,0.2371096246935706,0.017234228019788835,0.0,0.0
qwen3-8b-ablation,9,shared_neighbor_count,mid,5,0.5475979160622586,0.008757193672633876,0.020036427248195165,0.003998857412503465,0.5475979160622585,0.00875719367263389,0.2931102011828012,0.01214469196753019,500.0,0.0,1380.8,96.2948596758934,6.356228585260352,0.622246161919646,5.8,0.8366600265340756
qwen3-8b-kto,4,adamic_adar_score,high,5,0.6734923538230884,0.016297035758908143,0.19112667974728237,0.019663873326292488,0.6734923538230884,0.016297035758908104,0.6300623608351797,0.012909020565742467,500.0,0.0,667.0,0.0,8.498377004556213,0.946247112419651,5.03635892868042,1.1287991659944543
qwen3-8b-kto,4,adamic_adar_score,low,5,0.7066587706146926,0.008275187215819413,0.2100741772183934,0.0119024635562737,0.7066587706146927,0.008275187215819449,0.6740191653273662,0.005065027467493893,500.0,0.0,667.0,0.0,0.021424876781239145,0.00869887318686737,0.0,0.0
qwen3-8b-kto,4,adamic_adar_score,mid,5,0.6790012012012012,0.016826410632140975,0.19007561260765765,0.013828019642976131,0.6790012012012012,0.016826410632140968,0.631202109442664,0.016393989991787743,500.0,0.0,666.0,0.0,0.8209711520342499,0.13303853151431555,0.7644980609416961,0.1475885278178652
qwen3-8b-kto,4,jaccard_shared_neighbors,high,5,0.6783499452976214,0.017022730268080693,0.19557467526073463,0.01977467526801305,0.6783499452976214,0.017022730268080693,0.6378713630884428,0.013652950584086549,500.0,0.0,666.8,0.44721359549995804,0.041585640414993776,0.004834123814333332,0.027627067386070903,0.005628372987204672
qwen3-8b-kto,4,jaccard_shared_neighbors,low,5,0.7076212893553223,0.007483763780878683,0.2082134580785473,0.014084012946190461,0.7076212893553222,0.007483763780878726,0.6717235597566373,0.007895584313924625,500.0,0.0,667.0,0.0,0.00010717594459356992,5.124132924295539e-05,0.0,0.0
qwen3-8b-kto,4,jaccard_shared_neighbors,mid,5,0.6731714097906002,0.015191115256021105,0.1874844312964276,0.012452248001570557,0.6731714097906002,0.01519111525602111,0.6252831543912601,0.015091691645800065,500.0,0.0,666.2,0.44721359549995804,0.004798924160608717,0.0007180187275317,0.0044263106888139565,0.0006861615287691459
qwen3-8b-kto,4,shared_neighbor_count,high,5,0.6742980370489998,0.014936910474686154,0.1912496017821114,0.019252931455692308,0.6742980370489998,0.014936910474686144,0.6314011999439324,0.015442577362138447,500.0,0.0,663.4,8.87693640846886,60.87780602090195,6.5543980326292335,36.0,8.0
qwen3-8b-kto,4,shared_neighbor_count,low,5,0.7067191015000298,0.008558022122017919,0.20966171611054724,0.013099328067375205,0.70671910150003,0.008558022122017882,0.6623282150590182,0.013475482257121812,500.0,0.0,708.4,44.64638843176456,0.19981613129837153,0.06680568844508133,0.0,0.0
qwen3-8b-kto,4,shared_neighbor_count,mid,5,0.6760492355646088,0.01866775586712049,0.1892364779197781,0.012198744316404097,0.6760492355646088,0.018667755867120453,0.6409655704219308,0.018748754410610347,500.0,0.0,628.2,42.55232073577186,6.077770402310297,0.7929314938812758,5.8,0.8366600265340756
qwen3-8b-kto,9,adamic_adar_score,high,5,0.6740466666666667,0.015992876858846303,0.1918637660442089,0.019543655511728916,0.6740466666666667,0.015992876858846348,0.4576124327132301,0.01906481175253003,500.0,0.0,1500.0,0.0,8.488196914720536,0.9399683584963495,5.1592813491821286,1.0971255017455483
qwen3-8b-kto,9,adamic_adar_score,low,5,0.7096440018175507,0.009889760932266806,0.2139842281816097,0.014142578057670588,0.7096440018175507,0.009889760932266834,0.5194902750659489,0.017413871256474697,500.0,0.0,1501.0,1.224744871391589,0.023297774899019557,0.008736262460176317,0.0,0.0
qwen3-8b-kto,9,adamic_adar_score,mid,5,0.6824320214987235,0.014343974936944294,0.1939807893294081,0.009242122241570703,0.6824320214987236,0.01434397493694434,0.45867426866862343,0.007426931024624103,500.0,0.0,1499.0,1.224744871391589,0.8283016781833874,0.1176863229434722,0.7525697529315949,0.10811976334533799
qwen3-8b-kto,9,jaccard_shared_neighbors,high,5,0.6772842666666667,0.01770723797773103,0.19550657186108664,0.019569323072952883,0.6772842666666666,0.017707237977731046,0.4664597633483347,0.021865841566581518,500.0,0.0,1500.0,0.0,0.04157400015132864,0.004610035134143992,0.027511334973315416,0.004973865561975394
qwen3-8b-kto,9,jaccard_shared_neighbors,low,5,0.7089744226515655,0.009134275659090857,0.21330453252533013,0.012348507475491786,0.7089744226515655,0.009134275659090816,0.5184890116249375,0.014378754770206333,500.0,0.0,1500.2,0.4472135954999579,0.00011742482126704834,5.299792375354661e-05,0.0,0.0
qwen3-8b-kto,9,jaccard_shared_neighbors,mid,5,0.6798854262841896,0.01351024546126383,0.19102425199627698,0.01059060897922558,0.6798854262841894,0.013510245461263903,0.4515616472729304,0.011728874724222313,500.0,0.0,1499.8,0.4472135954999579,0.004826889003147424,0.000644243137396081,0.004447617148377851,0.0006277360438304378
qwen3-8b-kto,9,shared_neighbor_count,high,5,0.6744172631320501,0.01576454890500428,0.19217419129327568,0.019363921085800425,0.67441726313205,0.015764548905004255,0.4598961093569711,0.01931183882250599,500.0,0.0,1491.2,12.275992831539126,60.86158747331708,6.97172763065166,36.9,8.264381404557755
qwen3-8b-kto,9,shared_neighbor_count,low,5,0.7079651880980139,0.011226976362909298,0.21253946115089964,0.012141371118706194,0.7079651880980139,0.011226976362909273,0.49930087254313066,0.02086210060729891,500.0,0.0,1624.2,81.349247077032,0.23077422096686256,0.028460746965727046,0.0,0.0
qwen3-8b-kto,9,shared_neighbor_count,mid,5,0.6811660358506348,0.014971728361570921,0.19355792770994423,0.01192934268253752,0.6811660358506348,0.014971728361570912,0.4745496308474805,0.011345548571065784,500.0,0.0,1384.6,92.30547112712225,6.243509267911901,0.6575840765292975,5.6,0.8944271909999159
qwen3-8b-sft,4,adamic_adar_score,high,5,0.657895652173913,0.01297959738336587,0.14401931331891082,0.022851146804908767,0.6578956521739131,0.01297959738336586,0.6101055646369045,0.016622106641299914,500.0,0.0,667.0,0.0,8.498377004556213,0.946247112419651,5.03635892868042,1.1287991659944543
qwen3-8b-sft,4,adamic_adar_score,low,5,0.693968215892054,0.008037396550298953,0.16439700844090038,0.015972075611800213,0.6939682158920538,0.008037396550298894,0.6601772534215192,0.009620522662227904,500.0,0.0,667.0,0.0,0.021424876781239145,0.00869887318686737,0.0,0.0
qwen3-8b-sft,4,adamic_adar_score,mid,5,0.6653351351351351,0.01264101595891971,0.14405047594159304,0.016585662485301807,0.6653351351351351,0.012641015958919668,0.6147697783108708,0.01249716943305162,500.0,0.0,666.0,0.0,0.8209711520342499,0.13303853151431555,0.7644980609416961,0.1475885278178652
qwen3-8b-sft,4,jaccard_shared_neighbors,high,5,0.6634106532319427,0.014559555520041357,0.14863359639996704,0.02238531809161026,0.6634106532319427,0.014559555520041317,0.6179928802267105,0.015380788269257047,500.0,0.0,666.8,0.44721359549995804,0.041585640414993776,0.004834123814333332,0.027627067386070903,0.005628372987204672
qwen3-8b-sft,4,jaccard_shared_neighbors,low,5,0.6942106667387027,0.006713168817443018,0.16204550127500655,0.016941731171670596,0.6942106667387028,0.00671316881744305,0.6566026224370419,0.00947948995044229,500.0,0.0,666.8,0.4472135954999579,0.00010695019537702898,5.137305527868198e-05,0.0,0.0
qwen3-8b-sft,4,jaccard_shared_neighbors,mid,5,0.659572118445282,0.01017632519814783,0.141790820117201,0.01634503476935502,0.6595721184452819,0.01017632519814776,0.6096523995317529,0.012579982904023616,500.0,0.0,666.4,0.5477225575051662,0.004797954178523821,0.0007192513113833591,0.004425821987586339,0.0006866939897038832
qwen3-8b-sft,4,shared_neighbor_count,high,5,0.6587432153704074,0.012258838409025011,0.14439695405251507,0.02274740217346863,0.6587432153704074,0.012258838409025051,0.6106639103436982,0.01817320141478605,500.0,0.0,667.6,3.9749213828703582,60.59320514239771,6.8228038346787265,35.6,8.414273587185052
qwen3-8b-sft,4,shared_neighbor_count,low,5,0.6945385948031656,0.007496479452417614,0.1636142446859084,0.016070988383336295,0.6945385948031656,0.007496479452417638,0.6520672335644732,0.02396515061977545,500.0,0.0,697.2,60.32992623897364,0.18314946463170484,0.10346660723499193,0.0,0.0
qwen3-8b-sft,4,shared_neighbor_count,mid,5,0.6628882663783779,0.011725082798769097,0.14376209577342483,0.015195730331801004,0.662888266378378,0.01172508279876908,0.6229762349712884,0.026865724796707745,500.0,0.0,635.2,61.12037303551083,5.973138644428194,0.9174007588940227,5.6,1.1401754250991378
qwen3-8b-sft,9,adamic_adar_score,high,5,0.6542137333333333,0.013925858869184477,0.14704794307562258,0.021123788053767394,0.6542137333333333,0.013925858869184491,0.4352220537232614,0.018710814904988403,500.0,0.0,1500.0,0.0,8.488196914720536,0.9399683584963495,5.1592813491821286,1.0971255017455483
qwen3-8b-sft,9,adamic_adar_score,low,5,0.691262651859774,0.006826583408289349,0.16525842860456058,0.018779329776825778,0.691262651859774,0.006826583408289308,0.4929098508684001,0.016098694775775323,500.0,0.0,1500.6,1.5165750888103102,0.023264028162509588,0.008791756144151917,0.0,0.0
qwen3-8b-sft,9,adamic_adar_score,mid,5,0.6661482908711214,0.008590127979103338,0.1481401699014008,0.013483511500589452,0.6661482908711214,0.008590127979103378,0.43728490880365756,0.008450134834573037,500.0,0.0,1499.4,1.5165750888103102,0.8281364111038215,0.11780942576527485,0.7521747052669525,0.10846834473397174
qwen3-8b-sft,9,jaccard_shared_neighbors,high,5,0.6595937333333333,0.013874566320349523,0.15125633311333334,0.021654018699374288,0.6595937333333333,0.013874566320349564,0.4440185332061562,0.01987302834989026,500.0,0.0,1500.0,0.0,0.04157400015132864,0.004610035134143992,0.027511334973315416,0.004973865561975394
qwen3-8b-sft,9,jaccard_shared_neighbors,low,5,0.6903221067732622,0.005770494916432994,0.16370366553349505,0.01726176294624973,0.6903221067732622,0.005770494916433053,0.48895866158923196,0.012940469359050123,500.0,0.0,1500.2,0.4472135954999579,0.00011742482126704834,5.299792375354661e-05,0.0,0.0
qwen3-8b-sft,9,jaccard_shared_neighbors,mid,5,0.6617174792973093,0.00934302079906999,0.14548753128323721,0.014628527268223326,0.6617174792973094,0.009343020799069972,0.431705960222777,0.012651431933983784,500.0,0.0,1499.8,0.4472135954999579,0.004826889003147424,0.000644243137396081,0.004447617148377851,0.0006277360438304378
qwen3-8b-sft,9,shared_neighbor_count,high,5,0.6545955698247613,0.014560772654162047,0.14709760304861522,0.02090519787699815,0.6545955698247613,0.014560772654162028,0.43672098029622075,0.0186488278641731,500.0,0.0,1493.2,15.801898620102584,60.79623566967082,6.941465887527162,36.9,8.264381404557755
qwen3-8b-sft,9,shared_neighbor_count,low,5,0.6900847664975375,0.007947358063007623,0.163621595854755,0.017320415024888403,0.6900847664975375,0.00794735806300762,0.48065634314356653,0.02422587537471901,500.0,0.0,1561.8,131.839675363678,0.19363136382400542,0.10905095206554936,0.0,0.0
qwen3-8b-sft,9,shared_neighbor_count,mid,5,0.6658670069872427,0.007218083611732691,0.14914724871082666,0.013929630665743159,0.6658670069872428,0.007218083611732697,0.4472168972193627,0.016494392173049027,500.0,0.0,1445.0,126.291329868681,6.0457397848430885,0.9048724749238399,5.4,1.1401754250991378
