comparison,case_type,negative_ratio,K,n_files,n_positive_total_mean,n_positive_total_sd,gnn_top_positive_count_mean,gnn_top_positive_count_sd,sft_top_positive_count_mean,sft_top_positive_count_sd,sft_rescued_positive_count_mean,sft_rescued_positive_count_sd,sft_rescued_positive_fraction_mean,sft_rescued_positive_fraction_sd,rescued_count_mean,rescued_count_sd,rescued_shared_neighbor_count_mean_mean,rescued_shared_neighbor_count_mean_sd,rescued_shared_neighbor_count_median_mean,rescued_shared_neighbor_count_median_sd,rescued_jaccard_shared_neighbors_mean_mean,rescued_jaccard_shared_neighbors_mean_sd,rescued_jaccard_shared_neighbors_median_mean,rescued_jaccard_shared_neighbors_median_sd,rescued_adamic_adar_score_mean_mean,rescued_adamic_adar_score_mean_sd,rescued_adamic_adar_score_median_mean,rescued_adamic_adar_score_median_sd,rescued_shortest_path_length_cutoff_mean_mean,rescued_shortest_path_length_cutoff_mean_sd,rescued_shortest_path_length_cutoff_median_mean,rescued_shortest_path_length_cutoff_median_sd,rescued_endpoint_total_degree_sum_mean_mean,rescued_endpoint_total_degree_sum_mean_sd,rescued_endpoint_total_degree_sum_median_mean,rescued_endpoint_total_degree_sum_median_sd,rescued_drug_total_degree_mean_mean,rescued_drug_total_degree_mean_sd,rescued_drug_total_degree_median_mean,rescued_drug_total_degree_median_sd,rescued_disease_total_degree_mean_mean,rescued_disease_total_degree_mean_sd,rescued_disease_total_degree_median_mean,rescued_disease_total_degree_median_sd,n_negative_total_mean,n_negative_total_sd,kto_rescued_positive_count_mean,kto_rescued_positive_count_sd,kto_rescued_positive_fraction_mean,kto_rescued_positive_fraction_sd,sft_top_negative_count_mean,sft_top_negative_count_sd,kto_top_negative_count_mean,kto_top_negative_count_sd,kto_suppressed_negative_count_mean,kto_suppressed_negative_count_sd,kto_introduced_negative_count_mean,kto_introduced_negative_count_sd,net_topK_false_positive_reduction_mean,net_topK_false_positive_reduction_sd,rescued_positive_count_mean,rescued_positive_count_sd,rescued_positive_shared_neighbor_count_mean_mean,rescued_positive_shared_neighbor_count_mean_sd,rescued_positive_shared_neighbor_count_median_mean,rescued_positive_shared_neighbor_count_median_sd,rescued_positive_jaccard_shared_neighbors_mean_mean,rescued_positive_jaccard_shared_neighbors_mean_sd,rescued_positive_jaccard_shared_neighbors_median_mean,rescued_positive_jaccard_shared_neighbors_median_sd,rescued_positive_adamic_adar_score_mean_mean,rescued_positive_adamic_adar_score_mean_sd,rescued_positive_adamic_adar_score_median_mean,rescued_positive_adamic_adar_score_median_sd,rescued_positive_shortest_path_length_cutoff_mean_mean,rescued_positive_shortest_path_length_cutoff_mean_sd,rescued_positive_shortest_path_length_cutoff_median_mean,rescued_positive_shortest_path_length_cutoff_median_sd,rescued_positive_endpoint_total_degree_sum_mean_mean,rescued_positive_endpoint_total_degree_sum_mean_sd,rescued_positive_endpoint_total_degree_sum_median_mean,rescued_positive_endpoint_total_degree_sum_median_sd,rescued_positive_drug_total_degree_mean_mean,rescued_positive_drug_total_degree_mean_sd,rescued_positive_drug_total_degree_median_mean,rescued_positive_drug_total_degree_median_sd,rescued_positive_disease_total_degree_mean_mean,rescued_positive_disease_total_degree_mean_sd,rescued_positive_disease_total_degree_median_mean,rescued_positive_disease_total_degree_median_sd,suppressed_negative_count_mean,suppressed_negative_count_sd,suppressed_negative_shared_neighbor_count_mean_mean,suppressed_negative_shared_neighbor_count_mean_sd,suppressed_negative_shared_neighbor_count_median_mean,suppressed_negative_shared_neighbor_count_median_sd,suppressed_negative_jaccard_shared_neighbors_mean_mean,suppressed_negative_jaccard_shared_neighbors_mean_sd,suppressed_negative_jaccard_shared_neighbors_median_mean,suppressed_negative_jaccard_shared_neighbors_median_sd,suppressed_negative_adamic_adar_score_mean_mean,suppressed_negative_adamic_adar_score_mean_sd,suppressed_negative_adamic_adar_score_median_mean,suppressed_negative_adamic_adar_score_median_sd,suppressed_negative_shortest_path_length_cutoff_mean_mean,suppressed_negative_shortest_path_length_cutoff_mean_sd,suppressed_negative_shortest_path_length_cutoff_median_mean,suppressed_negative_shortest_path_length_cutoff_median_sd,suppressed_negative_endpoint_total_degree_sum_mean_mean,suppressed_negative_endpoint_total_degree_sum_mean_sd,suppressed_negative_endpoint_total_degree_sum_median_mean,suppressed_negative_endpoint_total_degree_sum_median_sd,suppressed_negative_drug_total_degree_mean_mean,suppressed_negative_drug_total_degree_mean_sd,suppressed_negative_drug_total_degree_median_mean,suppressed_negative_drug_total_degree_median_sd,suppressed_negative_disease_total_degree_mean_mean,suppressed_negative_disease_total_degree_mean_sd,suppressed_negative_disease_total_degree_median_mean,suppressed_negative_disease_total_degree_median_sd,introduced_negative_count_mean,introduced_negative_count_sd,introduced_negative_shared_neighbor_count_mean_mean,introduced_negative_shared_neighbor_count_mean_sd,introduced_negative_shared_neighbor_count_median_mean,introduced_negative_shared_neighbor_count_median_sd,introduced_negative_jaccard_shared_neighbors_mean_mean,introduced_negative_jaccard_shared_neighbors_mean_sd,introduced_negative_jaccard_shared_neighbors_median_mean,introduced_negative_jaccard_shared_neighbors_median_sd,introduced_negative_adamic_adar_score_mean_mean,introduced_negative_adamic_adar_score_mean_sd,introduced_negative_adamic_adar_score_median_mean,introduced_negative_adamic_adar_score_median_sd,introduced_negative_shortest_path_length_cutoff_mean_mean,introduced_negative_shortest_path_length_cutoff_mean_sd,introduced_negative_shortest_path_length_cutoff_median_mean,introduced_negative_shortest_path_length_cutoff_median_sd,introduced_negative_endpoint_total_degree_sum_mean_mean,introduced_negative_endpoint_total_degree_sum_mean_sd,introduced_negative_endpoint_total_degree_sum_median_mean,introduced_negative_endpoint_total_degree_sum_median_sd,introduced_negative_drug_total_degree_mean_mean,introduced_negative_drug_total_degree_mean_sd,introduced_negative_drug_total_degree_median_mean,introduced_negative_drug_total_degree_median_sd,introduced_negative_disease_total_degree_mean_mean,introduced_negative_disease_total_degree_mean_sd,introduced_negative_disease_total_degree_median_mean,introduced_negative_disease_total_degree_median_sd
GNN_42_full_graph_to_qwen3-8b-sft,sft_rescued_positive_over_gnn,4,10,5,500.0,0.0,1.0,0.7071067811865476,7.0,1.224744871391589,7.0,1.224744871391589,0.014000000000000002,0.0024494897427831783,7.0,1.224744871391589,27.78857142857143,13.472767885248967,8.9,4.642197755374065,0.018485912391479384,0.006289153273567049,0.006275773876204168,0.002284674313044731,3.9520683588193997,1.9017157264955544,1.2395294249057769,0.6320463442344258,,,,,1426.3485714285714,241.63491390390368,1426.2,244.93126586861058,1322.304285714286,228.4593032798228,1317.0,248.84156606162082,104.0442857142857,41.9326124847465,51.2,21.39684556190468,,,,,,,,,,,,,,,,,,,,,,,,,,,,,,,,,,,,,,,,,,,,,,,,,,,,,,,,,,,,,,,,,,,,,,,,,,,,,,,,,,,,,,,,,,,,,,,,,,,,,,,,,,
GNN_42_full_graph_to_qwen3-8b-sft,sft_rescued_positive_over_gnn,4,50,5,500.0,0.0,5.0,2.1213203435596424,34.0,2.0,33.4,1.6733200530681511,0.0668,0.0033466401061363,33.4,1.6733200530681511,25.528646761734997,3.774042741795407,6.9,3.1304951684997055,0.017985046936796673,0.0033322948530852305,0.005536015153318323,0.0020419850644914283,3.6428062119882556,0.5159164366732848,1.0955205619335175,0.46935018981180887,,,,,1330.143579174094,85.9276131344293,1399.4,64.01015544427305,1227.3651700831847,93.24766892032379,1259.5,96.29382119326245,102.7784090909091,9.818946269166405,50.7,6.915562160808043,,,,,,,,,,,,,,,,,,,,,,,,,,,,,,,,,,,,,,,,,,,,,,,,,,,,,,,,,,,,,,,,,,,,,,,,,,,,,,,,,,,,,,,,,,,,,,,,,,,,,,,,,,
GNN_42_full_graph_to_qwen3-8b-sft,sft_rescued_positive_over_gnn,4,100,5,500.0,0.0,12.2,3.1937438845342623,59.4,3.209361307176242,58.8,2.949576240750525,0.1176,0.0058991524815010495,58.8,2.949576240750525,25.720430412499375,4.532074054324654,6.5,2.0,0.018835481623851347,0.004153198617326047,0.0055408321703530475,0.0013507864310914706,3.6653098641581687,0.6373089582608175,1.0480455338954926,0.34996594830440114,,,,,1315.4314146390009,60.508758359978344,1327.1,116.7017566277389,1204.574765387869,60.022272926726785,1221.9,95.1422619028999,110.85664925113201,8.062946756986385,53.9,9.749358953285082,,,,,,,,,,,,,,,,,,,,,,,,,,,,,,,,,,,,,,,,,,,,,,,,,,,,,,,,,,,,,,,,,,,,,,,,,,,,,,,,,,,,,,,,,,,,,,,,,,,,,,,,,,
GNN_42_full_graph_to_qwen3-8b-sft,sft_rescued_positive_over_gnn,4,200,5,500.0,0.0,28.6,2.8809720581775866,106.4,6.730527468185536,102.0,4.743416490252569,0.20400000000000001,0.009486832980505134,102.0,4.743416490252569,22.28883981463016,2.673944205208311,6.2,1.2549900398011133,0.016383931593127746,0.0022739348458880025,0.004964486930863034,0.0007434236955054047,3.1830630067947814,0.37635760705963234,0.9163456082344055,0.22985889653315733,,,,,1328.8507705325314,51.13962092913757,1378.2,49.23997359869316,1218.831848631959,46.63220538577404,1248.8,68.00974194922371,110.01892190057224,8.612555118065817,53.9,5.583457710057451,,,,,,,,,,,,,,,,,,,,,,,,,,,,,,,,,,,,,,,,,,,,,,,,,,,,,,,,,,,,,,,,,,,,,,,,,,,,,,,,,,,,,,,,,,,,,,,,,,,,,,,,,,
GNN_42_full_graph_to_qwen3-8b-sft,sft_rescued_positive_over_gnn,9,10,5,500.0,0.0,0.2,0.44721359549995804,7.6,0.5477225575051662,7.6,0.5477225575051662,0.0152,0.0010954451150103322,7.6,0.5477225575051662,32.721428571428575,14.192343302582819,10.9,4.642197755374064,0.021601085289145172,0.007807218640535522,0.009100332079521918,0.006436709923792501,4.6424030480108085,1.981962970732571,1.5461686193943023,0.6472751916752256,,,,,1418.7035714285714,138.84142717687035,1496.3,117.55243510876328,1294.95,135.45852686339092,1371.6,131.43791309968367,123.75357142857142,48.11271112646611,60.7,34.486591597315034,,,,,,,,,,,,,,,,,,,,,,,,,,,,,,,,,,,,,,,,,,,,,,,,,,,,,,,,,,,,,,,,,,,,,,,,,,,,,,,,,,,,,,,,,,,,,,,,,,,,,,,,,,
GNN_42_full_graph_to_qwen3-8b-sft,sft_rescued_positive_over_gnn,9,50,5,500.0,0.0,2.4,1.140175425099138,27.4,3.847076812334269,27.0,3.6742346141747673,0.054000000000000006,0.0073484692283495336,27.0,3.6742346141747673,26.124440860215053,2.1845316212954717,6.7,2.7748873851023217,0.018225951639758632,0.002964972846398649,0.005588785815552567,0.0027947926243499593,3.7336747264117007,0.30821047810808594,1.0262586414813994,0.4341014763476063,,,,,1318.8144838709675,115.6795939901406,1383.2,130.00269227981397,1213.241311827957,117.37063749884341,1246.2,153.75573160048376,105.57317204301076,5.216806110091489,52.5,9.40744386111339,,,,,,,,,,,,,,,,,,,,,,,,,,,,,,,,,,,,,,,,,,,,,,,,,,,,,,,,,,,,,,,,,,,,,,,,,,,,,,,,,,,,,,,,,,,,,,,,,,,,,,,,,,
GNN_42_full_graph_to_qwen3-8b-sft,sft_rescued_positive_over_gnn,9,100,5,500.0,0.0,4.8,1.7888543819998317,46.0,2.8284271247461903,45.6,2.7928480087537886,0.09119999999999999,0.0055856960175075816,45.6,2.7928480087537886,25.53768944787217,5.0287569773255685,7.8,2.4899799195977463,0.0188507551119309,0.004675334649276724,0.0057196266138070904,0.0015358446973725089,3.6434951759171446,0.7037554211632321,1.1649883925914764,0.387932782440209,,,,,1339.7121371882085,74.45136147290832,1354.6,135.35619675508025,1229.7383665559248,77.73410339710136,1235.0,110.2565190816398,109.97377063228392,9.602005930144214,54.2,8.07465169527454,,,,,,,,,,,,,,,,,,,,,,,,,,,,,,,,,,,,,,,,,,,,,,,,,,,,,,,,,,,,,,,,,,,,,,,,,,,,,,,,,,,,,,,,,,,,,,,,,,,,,,,,,,
GNN_42_full_graph_to_qwen3-8b-sft,sft_rescued_positive_over_gnn,9,200,5,500.0,0.0,11.6,3.1304951684997055,77.2,6.058052492344384,76.2,5.761944116355173,0.15240000000000004,0.011523888232710349,76.2,5.761944116355173,23.26516588611729,3.7550255719854824,6.2,1.4832396974191326,0.016934203688363965,0.0031719508567114394,0.00483508321227266,0.001135001608500663,3.3199604733305206,0.5329915955506701,0.8842265129089355,0.2203838998358095,,,,,1322.1583592741445,54.2113689279211,1371.0,56.34270139068591,1216.7517300295613,49.28516435162583,1257.4,41.04631530356897,105.4066292445832,9.375546055882628,52.8,8.408329203831164,,,,,,,,,,,,,,,,,,,,,,,,,,,,,,,,,,,,,,,,,,,,,,,,,,,,,,,,,,,,,,,,,,,,,,,,,,,,,,,,,,,,,,,,,,,,,,,,,,,,,,,,,,
HGT_42_full_graph_to_qwen3-8b-sft,sft_rescued_positive_over_gnn,4,10,5,500.0,0.0,4.4,1.1401754250991378,7.0,1.224744871391589,7.0,1.224744871391589,0.014000000000000002,0.0024494897427831783,7.0,1.224744871391589,27.78857142857143,13.472767885248967,8.9,4.642197755374065,0.018485912391479384,0.006289153273567049,0.006275773876204168,0.002284674313044731,3.9520683588193997,1.9017157264955544,1.2395294249057769,0.6320463442344258,,,,,1426.3485714285714,241.63491390390368,1426.2,244.93126586861058,1322.304285714286,228.4593032798228,1317.0,248.84156606162082,104.0442857142857,41.9326124847465,51.2,21.39684556190468,,,,,,,,,,,,,,,,,,,,,,,,,,,,,,,,,,,,,,,,,,,,,,,,,,,,,,,,,,,,,,,,,,,,,,,,,,,,,,,,,,,,,,,,,,,,,,,,,,,,,,,,,,
HGT_42_full_graph_to_qwen3-8b-sft,sft_rescued_positive_over_gnn,4,50,5,500.0,0.0,16.8,2.3874672772626644,34.0,2.0,30.2,3.271085446759225,0.060399999999999995,0.006542170893518451,30.2,3.271085446759225,20.56460606060606,4.016620785490616,6.1,3.398529093593286,0.01457246410958433,0.003451250464864896,0.004397335357499652,0.0021258315494536136,2.9448873488252816,0.5567165145977891,0.9009865462779999,0.4977182882877345,,,,,1324.5047272727272,103.24984179080138,1366.6,86.32380899844493,1234.6300606060606,107.66486987438785,1250.5,122.59486122998794,89.87466666666667,7.163295925869562,48.5,7.416198487095663,,,,,,,,,,,,,,,,,,,,,,,,,,,,,,,,,,,,,,,,,,,,,,,,,,,,,,,,,,,,,,,,,,,,,,,,,,,,,,,,,,,,,,,,,,,,,,,,,,,,,,,,,,
HGT_42_full_graph_to_qwen3-8b-sft,sft_rescued_positive_over_gnn,4,100,5,500.0,0.0,35.4,3.4351128074635335,59.4,3.209361307176242,49.4,4.03732584763727,0.0988,0.008074651695274541,49.4,4.03732584763727,17.138239113827346,6.821952573154744,4.6,1.9493588689617927,0.013245479039034716,0.004482556714237697,0.003783376642010437,0.0010622608217756558,2.4564466291472007,0.9601173888465219,0.6512974679470063,0.24718569200640764,,,,,1284.3924008694387,73.43875585982617,1323.4,137.21625268167034,1193.0521640474371,69.67911612727312,1207.3,95.02736447992231,91.34023682200154,14.893957444703089,45.4,8.71349528031088,,,,,,,,,,,,,,,,,,,,,,,,,,,,,,,,,,,,,,,,,,,,,,,,,,,,,,,,,,,,,,,,,,,,,,,,,,,,,,,,,,,,,,,,,,,,,,,,,,,,,,,,,,
HGT_42_full_graph_to_qwen3-8b-sft,sft_rescued_positive_over_gnn,4,200,5,500.0,0.0,67.0,6.324555320336759,106.4,6.730527468185536,83.4,5.224940191045253,0.16679999999999998,0.010449880382090502,83.4,5.224940191045253,14.333815980334794,4.728948342684584,3.6,1.140175425099138,0.011407789196430167,0.003381988551199422,0.0034467069807422,0.0011382220311079536,2.055649408298059,0.6603845741035782,0.6028522729873658,0.15053343814910283,,,,,1272.9678128261298,74.52035962137985,1311.5,102.20445195782814,1184.2819489435587,60.54592677110102,1216.9,90.96455353597906,88.68586388257123,17.139839362294406,48.0,6.6332495807108,,,,,,,,,,,,,,,,,,,,,,,,,,,,,,,,,,,,,,,,,,,,,,,,,,,,,,,,,,,,,,,,,,,,,,,,,,,,,,,,,,,,,,,,,,,,,,,,,,,,,,,,,,
HGT_42_full_graph_to_qwen3-8b-sft,sft_rescued_positive_over_gnn,9,10,5,500.0,0.0,2.0,0.0,7.6,0.5477225575051662,7.6,0.5477225575051662,0.0152,0.0010954451150103322,7.6,0.5477225575051662,32.721428571428575,14.192343302582819,10.9,4.642197755374064,0.021601085289145172,0.007807218640535522,0.009100332079521918,0.006436709923792501,4.6424030480108085,1.981962970732571,1.5461686193943023,0.6472751916752256,,,,,1418.7035714285714,138.84142717687035,1496.3,117.55243510876328,1294.95,135.45852686339092,1371.6,131.43791309968367,123.75357142857142,48.11271112646611,60.7,34.486591597315034,,,,,,,,,,,,,,,,,,,,,,,,,,,,,,,,,,,,,,,,,,,,,,,,,,,,,,,,,,,,,,,,,,,,,,,,,,,,,,,,,,,,,,,,,,,,,,,,,,,,,,,,,,
HGT_42_full_graph_to_qwen3-8b-sft,sft_rescued_positive_over_gnn,9,50,5,500.0,0.0,9.0,2.5495097567963922,27.4,3.847076812334269,25.8,2.588435821108957,0.0516,0.0051768716422179156,25.8,2.588435821108957,23.983985078889127,2.3207256818682382,6.2,2.16794833886788,0.017257475452919727,0.0025680186693826453,0.005081790282102306,0.0023459277614164245,3.4318533682519052,0.3195666991563004,0.9605177104473114,0.3481490512956145,,,,,1295.514484829014,113.66784510055217,1356.4,132.62277330835755,1195.8886204754767,111.06505712184077,1239.1,146.3166087633253,99.62586435353751,7.983323136883025,52.9,10.761040841851685,,,,,,,,,,,,,,,,,,,,,,,,,,,,,,,,,,,,,,,,,,,,,,,,,,,,,,,,,,,,,,,,,,,,,,,,,,,,,,,,,,,,,,,,,,,,,,,,,,,,,,,,,,
HGT_42_full_graph_to_qwen3-8b-sft,sft_rescued_positive_over_gnn,9,100,5,500.0,0.0,18.6,3.714835124201342,46.0,2.8284271247461903,41.2,5.118593556827891,0.0824,0.01023718711365578,41.2,5.118593556827891,19.974241527821544,4.681732713654095,5.7,2.4392621835300936,0.014848199491416688,0.0034965684656406903,0.004644952768598677,0.0018540030643677834,2.859359626022914,0.658106111511329,0.9465875148773193,0.4591043978503189,,,,,1335.3560028192592,82.6109672817413,1357.8,144.9610292457942,1236.803816978581,84.2923182453076,1240.8,115.19852429610373,98.55218584067798,5.47245849832623,48.0,7.0,,,,,,,,,,,,,,,,,,,,,,,,,,,,,,,,,,,,,,,,,,,,,,,,,,,,,,,,,,,,,,,,,,,,,,,,,,,,,,,,,,,,,,,,,,,,,,,,,,,,,,,,,,
HGT_42_full_graph_to_qwen3-8b-sft,sft_rescued_positive_over_gnn,9,200,5,500.0,0.0,37.2,4.868264577855235,77.2,6.058052492344384,65.2,7.726577508832744,0.13040000000000002,0.015453155017665487,65.2,7.726577508832744,15.008965170453237,4.752759567184041,3.9,1.3416407864998738,0.01162268175549305,0.0033911845082653783,0.00360234912822239,0.0009602744489969142,2.1555494279606373,0.6710917203176189,0.6056997925043106,0.15980374678475048,,,,,1279.538391384906,50.05987016290481,1359.2,57.74144958346647,1192.3801236085396,40.627879268094134,1236.1,69.5237369536477,87.15826777636624,12.871738041395698,46.2,7.910436144739429,,,,,,,,,,,,,,,,,,,,,,,,,,,,,,,,,,,,,,,,,,,,,,,,,,,,,,,,,,,,,,,,,,,,,,,,,,,,,,,,,,,,,,,,,,,,,,,,,,,,,,,,,,
TxGAT_42_full_graph_to_qwen3-8b-sft,sft_rescued_positive_over_gnn,4,10,5,500.0,0.0,1.4,0.5477225575051661,7.0,1.224744871391589,7.0,1.224744871391589,0.014000000000000002,0.0024494897427831783,7.0,1.224744871391589,27.78857142857143,13.472767885248967,8.9,4.642197755374065,0.018485912391479384,0.006289153273567049,0.006275773876204168,0.002284674313044731,3.9520683588193997,1.9017157264955544,1.2395294249057769,0.6320463442344258,,,,,1426.3485714285714,241.63491390390368,1426.2,244.93126586861058,1322.304285714286,228.4593032798228,1317.0,248.84156606162082,104.0442857142857,41.9326124847465,51.2,21.39684556190468,,,,,,,,,,,,,,,,,,,,,,,,,,,,,,,,,,,,,,,,,,,,,,,,,,,,,,,,,,,,,,,,,,,,,,,,,,,,,,,,,,,,,,,,,,,,,,,,,,,,,,,,,,
TxGAT_42_full_graph_to_qwen3-8b-sft,sft_rescued_positive_over_gnn,4,50,5,500.0,0.0,9.6,1.1401754250991378,34.0,2.0,33.6,2.302172886644268,0.06720000000000001,0.004604345773288534,33.6,2.302172886644268,26.222364864864865,3.977192869245738,7.1,3.0903074280724887,0.018281531830846943,0.003364318957938364,0.005615550490472207,0.002125922436846935,3.740404491725532,0.5416038463633033,1.1027295649051667,0.47875874599212115,,,,,1339.3198455598454,72.74469551445164,1403.0,66.51315659326356,1236.4017422779923,79.32135273001347,1261.9,93.07147790811104,102.91810328185329,8.020730305492856,52.4,5.71620503481112,,,,,,,,,,,,,,,,,,,,,,,,,,,,,,,,,,,,,,,,,,,,,,,,,,,,,,,,,,,,,,,,,,,,,,,,,,,,,,,,,,,,,,,,,,,,,,,,,,,,,,,,,,
TxGAT_42_full_graph_to_qwen3-8b-sft,sft_rescued_positive_over_gnn,4,100,5,500.0,0.0,17.4,2.9664793948382653,59.4,3.209361307176242,57.2,3.563705936241092,0.11439999999999999,0.007127411872482185,57.2,3.563705936241092,26.506995322684975,4.678128472740123,6.2,1.8234582528810468,0.01912359372826285,0.004121472357326987,0.005186664014408045,0.0007801094128307185,3.7727541995840435,0.656455863933721,1.027822607755661,0.268841302127335,,,,,1328.4734584763896,57.190614475186166,1367.5,69.80150428178464,1216.5436522864109,55.52072867365894,1215.3,87.13466589136611,111.9298061899786,8.242532044635345,53.4,9.044335243676011,,,,,,,,,,,,,,,,,,,,,,,,,,,,,,,,,,,,,,,,,,,,,,,,,,,,,,,,,,,,,,,,,,,,,,,,,,,,,,,,,,,,,,,,,,,,,,,,,,,,,,,,,,
TxGAT_42_full_graph_to_qwen3-8b-sft,sft_rescued_positive_over_gnn,4,200,5,500.0,0.0,34.6,3.1304951684997055,106.4,6.730527468185536,97.0,4.527692569068709,0.194,0.009055385138137417,97.0,4.527692569068709,20.946344872698745,4.725429246270033,5.6,1.1401754250991378,0.015469411680991913,0.0031313391363957787,0.004412817278583723,0.0011685323717505027,2.989086073341235,0.6634177920836355,0.7983419001102448,0.1775323202692897,,,,,1320.7927124331313,49.015594481021125,1372.3,35.12406582387637,1213.6075033367658,44.39544193240168,1223.3,56.623316752023634,107.18520909636554,7.712266550247394,50.7,5.890670590009257,,,,,,,,,,,,,,,,,,,,,,,,,,,,,,,,,,,,,,,,,,,,,,,,,,,,,,,,,,,,,,,,,,,,,,,,,,,,,,,,,,,,,,,,,,,,,,,,,,,,,,,,,,
TxGAT_42_full_graph_to_qwen3-8b-sft,sft_rescued_positive_over_gnn,9,10,5,500.0,0.0,0.8,0.44721359549995804,7.6,0.5477225575051662,7.6,0.5477225575051662,0.0152,0.0010954451150103322,7.6,0.5477225575051662,32.721428571428575,14.192343302582819,10.9,4.642197755374064,0.021601085289145172,0.007807218640535522,0.009100332079521918,0.006436709923792501,4.6424030480108085,1.981962970732571,1.5461686193943023,0.6472751916752256,,,,,1418.7035714285714,138.84142717687035,1496.3,117.55243510876328,1294.95,135.45852686339092,1371.6,131.43791309968367,123.75357142857142,48.11271112646611,60.7,34.486591597315034,,,,,,,,,,,,,,,,,,,,,,,,,,,,,,,,,,,,,,,,,,,,,,,,,,,,,,,,,,,,,,,,,,,,,,,,,,,,,,,,,,,,,,,,,,,,,,,,,,,,,,,,,,
TxGAT_42_full_graph_to_qwen3-8b-sft,sft_rescued_positive_over_gnn,9,50,5,500.0,0.0,3.2,2.16794833886788,27.4,3.847076812334269,27.4,3.847076812334269,0.054799999999999995,0.007694153624668538,27.4,3.847076812334269,26.342255996691485,2.5305614531536493,6.8,2.659887215654077,0.01852102127445939,0.0029441089527085097,0.005777056584875727,0.002552500995093451,3.7631302870712973,0.35745381766429346,1.0836143016815185,0.36853953373532866,,,,,1315.235220223325,113.76063242798892,1370.0,135.68898260359975,1209.7657981803143,115.57641598035168,1241.6,152.5743261495852,105.46942204301077,5.867739368908933,53.0,9.076067430335673,,,,,,,,,,,,,,,,,,,,,,,,,,,,,,,,,,,,,,,,,,,,,,,,,,,,,,,,,,,,,,,,,,,,,,,,,,,,,,,,,,,,,,,,,,,,,,,,,,,,,,,,,,
TxGAT_42_full_graph_to_qwen3-8b-sft,sft_rescued_positive_over_gnn,9,100,5,500.0,0.0,8.6,1.51657508881031,46.0,2.8284271247461903,45.4,2.0736441353327724,0.09079999999999999,0.004147288270665548,45.4,2.0736441353327724,25.757353545349588,5.031333634015876,7.4,1.6733200530681511,0.018898773989721465,0.004595470279697685,0.005673732518013893,0.0014427873682821412,3.672800468556008,0.7027264639470697,1.1609808921813964,0.3788703130423655,,,,,1343.1712833305842,68.90911301947162,1361.8,108.30085410558867,1234.3181646874484,71.73170719066468,1235.5,108.73017060595463,108.85311864313596,9.777078240421266,54.1,7.317786550590281,,,,,,,,,,,,,,,,,,,,,,,,,,,,,,,,,,,,,,,,,,,,,,,,,,,,,,,,,,,,,,,,,,,,,,,,,,,,,,,,,,,,,,,,,,,,,,,,,,,,,,,,,,
TxGAT_42_full_graph_to_qwen3-8b-sft,sft_rescued_positive_over_gnn,9,200,5,500.0,0.0,15.4,3.646916505762094,77.2,6.058052492344384,73.8,4.764451699828638,0.1476,0.009528903399657276,73.8,4.764451699828638,22.880581515243385,4.9102160818170395,5.5,1.3228756555322954,0.01665811021199333,0.00351616641627222,0.004399974057563747,0.0011116959512508552,3.2640585698689604,0.6917489357956556,0.8283199191093444,0.19007443453956913,,,,,1321.118377356292,59.294259159851684,1385.4,53.75220925692264,1216.6526717502288,51.47827504273556,1260.9,36.678331477863054,104.46570560606331,11.56945742454044,51.7,8.555699854482976,,,,,,,,,,,,,,,,,,,,,,,,,,,,,,,,,,,,,,,,,,,,,,,,,,,,,,,,,,,,,,,,,,,,,,,,,,,,,,,,,,,,,,,,,,,,,,,,,,,,,,,,,,
TxGNN_42_full_graph_pretrained_to_qwen3-8b-sft,sft_rescued_positive_over_gnn,4,10,5,500.0,0.0,5.4,1.6733200530681511,7.0,1.224744871391589,6.6,0.8944271909999159,0.0132,0.0017888543819998318,6.6,0.8944271909999159,27.931428571428576,13.310692341581818,8.8,4.764451699828639,0.018535802038164274,0.006149831326916399,0.005768726760212661,0.0027593911064706213,3.973320659995079,1.8771960530753231,1.2245625257492065,0.650813963851055,,,,,1414.3485714285714,228.7476895389061,1433.8,199.02437036704825,1308.8971428571429,210.1672847800931,1309.2,189.28338543041752,105.45142857142858,40.024463947512324,51.2,19.804039991880448,,,,,,,,,,,,,,,,,,,,,,,,,,,,,,,,,,,,,,,,,,,,,,,,,,,,,,,,,,,,,,,,,,,,,,,,,,,,,,,,,,,,,,,,,,,,,,,,,,,,,,,,,,
TxGNN_42_full_graph_pretrained_to_qwen3-8b-sft,sft_rescued_positive_over_gnn,4,50,5,500.0,0.0,29.4,3.049590136395381,34.0,2.0,26.8,2.7748873851023212,0.0536,0.005549774770204643,26.8,2.7748873851023212,21.245718066879355,4.597545355377058,5.6,1.5572411502397436,0.0157150597795393,0.003644107621307362,0.004561014944863095,0.001871126083007378,3.044019434686033,0.6272249059759095,0.92099249958992,0.31605707062562577,,,,,1302.1954322344322,94.71893003936572,1364.5,114.25082056598106,1206.1057727756115,99.0717889654448,1249.7,125.02879668300419,96.08965945882075,9.663774501587616,51.4,7.9639814163519995,,,,,,,,,,,,,,,,,,,,,,,,,,,,,,,,,,,,,,,,,,,,,,,,,,,,,,,,,,,,,,,,,,,,,,,,,,,,,,,,,,,,,,,,,,,,,,,,,,,,,,,,,,
TxGNN_42_full_graph_pretrained_to_qwen3-8b-sft,sft_rescued_positive_over_gnn,4,100,5,500.0,0.0,56.2,5.403702434442518,59.4,3.209361307176242,43.2,3.271085446759225,0.0864,0.006542170893518449,43.2,3.271085446759225,19.167520325203252,6.181136910647031,4.4,1.3874436925511606,0.014498481664946277,0.0049219061727017325,0.0038311889836521278,0.0012025381783995978,2.738524705903937,0.8778736818843288,0.6534368097782135,0.16163947689192132,,,,,1283.3571031746033,97.20611312326028,1347.6,156.72802876320497,1185.9207859078592,96.31268083689596,1231.3,109.89062744383618,97.4363172667441,13.615421741311108,49.6,11.00795167140554,,,,,,,,,,,,,,,,,,,,,,,,,,,,,,,,,,,,,,,,,,,,,,,,,,,,,,,,,,,,,,,,,,,,,,,,,,,,,,,,,,,,,,,,,,,,,,,,,,,,,,,,,,
TxGNN_42_full_graph_pretrained_to_qwen3-8b-sft,sft_rescued_positive_over_gnn,4,200,5,500.0,0.0,101.4,5.128352561983234,106.4,6.730527468185536,70.6,4.03732584763727,0.14120000000000002,0.008074651695274536,70.6,4.03732584763727,16.637033450704227,2.722128462522121,4.1,1.4317821063276353,0.012668204723803042,0.0019135533681691353,0.003498917262979126,0.001162971682016693,2.380399956327454,0.3912405694511376,0.6499278962612152,0.18402465968578868,,,,,1298.2636138497653,76.99427403018899,1338.9,96.50673551623223,1203.46850528169,62.41374817218395,1247.6,69.3491167932224,94.79510856807511,17.99709867260584,48.4,8.241662453655815,,,,,,,,,,,,,,,,,,,,,,,,,,,,,,,,,,,,,,,,,,,,,,,,,,,,,,,,,,,,,,,,,,,,,,,,,,,,,,,,,,,,,,,,,,,,,,,,,,,,,,,,,,
TxGNN_42_full_graph_pretrained_to_qwen3-8b-sft,sft_rescued_positive_over_gnn,9,10,5,500.0,0.0,4.8,1.0954451150103321,7.6,0.5477225575051662,7.2,0.4472135954999579,0.014400000000000001,0.0008944271909999159,7.2,0.4472135954999579,33.81071428571429,14.923506061353857,11.3,5.6964901474504455,0.021756234717121868,0.007502177819131238,0.007471792739856651,0.0037761705075524516,4.797458790774856,2.082784990684038,1.6191915273666382,0.8087834270939981,,,,,1433.307142857143,180.9652894048683,1497.5,126.02579101120533,1306.4857142857143,153.76328879024356,1365.9,130.7604680322,126.82142857142858,48.719247233720765,61.7,34.68717342188608,,,,,,,,,,,,,,,,,,,,,,,,,,,,,,,,,,,,,,,,,,,,,,,,,,,,,,,,,,,,,,,,,,,,,,,,,,,,,,,,,,,,,,,,,,,,,,,,,,,,,,,,,,
TxGNN_42_full_graph_pretrained_to_qwen3-8b-sft,sft_rescued_positive_over_gnn,9,50,5,500.0,0.0,21.4,3.209361307176242,27.4,3.847076812334269,22.0,2.449489742783178,0.044000000000000004,0.004898979485566357,22.0,2.449489742783178,21.832285714285714,4.692330409423639,6.0,2.9154759474226504,0.01621866701880934,0.0035249709909204933,0.005051109215204409,0.0022859687213613953,3.1287288906833437,0.6583080998777869,0.9251853942871093,0.44791715694429435,,,,,1295.3762932330826,120.71814188199612,1378.3,133.32554143899063,1197.3191253132832,119.81896793599516,1258.1,147.41370356924082,98.05716791979951,11.695820537621698,51.3,8.090117428072352,,,,,,,,,,,,,,,,,,,,,,,,,,,,,,,,,,,,,,,,,,,,,,,,,,,,,,,,,,,,,,,,,,,,,,,,,,,,,,,,,,,,,,,,,,,,,,,,,,,,,,,,,,
TxGNN_42_full_graph_pretrained_to_qwen3-8b-sft,sft_rescued_positive_over_gnn,9,100,5,500.0,0.0,41.6,3.847076812334269,46.0,2.8284271247461903,35.6,3.7815340802378072,0.07120000000000001,0.007563068160475615,35.6,3.7815340802378072,20.40691102688054,6.397616089265876,6.3,2.04939015319192,0.01586773472684904,0.0051523732607020355,0.004318576923469773,0.0011519086685757793,2.9231228695746005,0.8985788673975794,0.9678319573402405,0.33082762020997747,,,,,1310.9250347908885,81.65670702164128,1345.5,154.98709623707387,1206.1053092726875,83.62691875052711,1227.0,118.9558741718962,104.81972551820112,7.0159427526398925,51.9,11.148990985734986,,,,,,,,,,,,,,,,,,,,,,,,,,,,,,,,,,,,,,,,,,,,,,,,,,,,,,,,,,,,,,,,,,,,,,,,,,,,,,,,,,,,,,,,,,,,,,,,,,,,,,,,,,
TxGNN_42_full_graph_pretrained_to_qwen3-8b-sft,sft_rescued_positive_over_gnn,9,200,5,500.0,0.0,68.6,4.39317652729776,77.2,6.058052492344384,55.0,5.787918451395113,0.11000000000000001,0.011575836902790222,55.0,5.787918451395113,17.582671905218753,4.5183494833321385,3.9,1.4317821063276353,0.013310474986035997,0.00363140508794252,0.003368463424923751,0.001150895293517146,2.5134149342700596,0.648921219634303,0.5722043812274933,0.17643990851542096,,,,,1287.6305546672352,79.28090976090778,1371.6,94.1344782744346,1194.413849757108,70.88617308603669,1240.4,92.22147255384724,93.21670491012736,17.963317555794166,50.0,12.549900398011133,,,,,,,,,,,,,,,,,,,,,,,,,,,,,,,,,,,,,,,,,,,,,,,,,,,,,,,,,,,,,,,,,,,,,,,,,,,,,,,,,,,,,,,,,,,,,,,,,,,,,,,,,,
TxGNN_42_full_graph_to_qwen3-8b-sft,sft_rescued_positive_over_gnn,4,10,5,500.0,0.0,1.0,0.7071067811865476,7.0,1.224744871391589,7.0,1.224744871391589,0.014000000000000002,0.0024494897427831783,7.0,1.224744871391589,27.78857142857143,13.472767885248967,8.9,4.642197755374065,0.018485912391479384,0.006289153273567049,0.006275773876204168,0.002284674313044731,3.9520683588193997,1.9017157264955544,1.2395294249057769,0.6320463442344258,,,,,1426.3485714285714,241.63491390390368,1426.2,244.93126586861058,1322.304285714286,228.4593032798228,1317.0,248.84156606162082,104.0442857142857,41.9326124847465,51.2,21.39684556190468,,,,,,,,,,,,,,,,,,,,,,,,,,,,,,,,,,,,,,,,,,,,,,,,,,,,,,,,,,,,,,,,,,,,,,,,,,,,,,,,,,,,,,,,,,,,,,,,,,,,,,,,,,
TxGNN_42_full_graph_to_qwen3-8b-sft,sft_rescued_positive_over_gnn,4,50,5,500.0,0.0,8.4,2.3021728866442674,34.0,2.0,33.8,2.16794833886788,0.06760000000000001,0.004335896677735759,33.8,2.16794833886788,26.14774365274365,4.139439693388023,7.1,3.0903074280724887,0.018237089335911477,0.003451545790650948,0.005662630735383069,0.0020849008772587103,3.729394280451166,0.5653440845622838,1.1031536281108856,0.4783129001373735,,,,,1338.3813985901484,71.90702868457586,1399.0,62.40192304729078,1235.8098862173863,78.73090192142013,1258.7,89.49134036318821,102.57151237276237,8.615716150799795,51.2,6.638900511379878,,,,,,,,,,,,,,,,,,,,,,,,,,,,,,,,,,,,,,,,,,,,,,,,,,,,,,,,,,,,,,,,,,,,,,,,,,,,,,,,,,,,,,,,,,,,,,,,,,,,,,,,,,
TxGNN_42_full_graph_to_qwen3-8b-sft,sft_rescued_positive_over_gnn,4,100,5,500.0,0.0,17.0,4.06201920231798,59.4,3.209361307176242,57.6,3.209361307176242,0.1152,0.006418722614352485,57.6,3.209361307176242,26.31673035776484,4.469275379646982,6.1,1.6355427233796125,0.01893232028348078,0.003993959871186876,0.005330625184665663,0.000889738723340747,3.745550376384796,0.6264895763618687,0.9885322391986847,0.21352191907557885,,,,,1328.7189652684478,65.42385594475118,1350.7,97.21278208137035,1217.3076581081755,64.64363385147621,1225.3,96.01406147018258,111.41130716027268,8.007430333169564,53.7,10.709808588392232,,,,,,,,,,,,,,,,,,,,,,,,,,,,,,,,,,,,,,,,,,,,,,,,,,,,,,,,,,,,,,,,,,,,,,,,,,,,,,,,,,,,,,,,,,,,,,,,,,,,,,,,,,
TxGNN_42_full_graph_to_qwen3-8b-sft,sft_rescued_positive_over_gnn,4,200,5,500.0,0.0,35.6,3.4351128074635335,106.4,6.730527468185536,98.4,3.974921382870358,0.1968,0.007949842765740716,98.4,3.974921382870358,21.178742064035717,4.703104286006992,5.8,1.6431676725154984,0.015636423971433815,0.0030399852191252486,0.00441417469644953,0.001085210808501052,3.019922238840741,0.6594827200494305,0.8093242347240448,0.2279423797221581,,,,,1325.2154006130334,51.65783255625874,1376.4,43.78698436750355,1218.0815111972363,48.01088090745198,1227.9,58.41275545632136,107.1338894157972,5.827183984809194,51.2,6.058052492344384,,,,,,,,,,,,,,,,,,,,,,,,,,,,,,,,,,,,,,,,,,,,,,,,,,,,,,,,,,,,,,,,,,,,,,,,,,,,,,,,,,,,,,,,,,,,,,,,,,,,,,,,,,
TxGNN_42_full_graph_to_qwen3-8b-sft,sft_rescued_positive_over_gnn,9,10,5,500.0,0.0,0.2,0.447213595499958,7.6,0.5477225575051662,7.6,0.5477225575051662,0.0152,0.0010954451150103322,7.6,0.5477225575051662,32.721428571428575,14.192343302582819,10.9,4.642197755374064,0.021601085289145172,0.007807218640535522,0.009100332079521918,0.006436709923792501,4.6424030480108085,1.981962970732571,1.5461686193943023,0.6472751916752256,,,,,1418.7035714285714,138.84142717687035,1496.3,117.55243510876328,1294.95,135.45852686339092,1371.6,131.43791309968367,123.75357142857142,48.11271112646611,60.7,34.486591597315034,,,,,,,,,,,,,,,,,,,,,,,,,,,,,,,,,,,,,,,,,,,,,,,,,,,,,,,,,,,,,,,,,,,,,,,,,,,,,,,,,,,,,,,,,,,,,,,,,,,,,,,,,,
TxGNN_42_full_graph_to_qwen3-8b-sft,sft_rescued_positive_over_gnn,9,50,5,500.0,0.0,3.2,1.3038404810405297,27.4,3.847076812334269,27.4,3.847076812334269,0.054799999999999995,0.007694153624668538,27.4,3.847076812334269,26.342255996691485,2.5305614531536493,6.8,2.659887215654077,0.01852102127445939,0.0029441089527085097,0.005777056584875727,0.002552500995093451,3.7631302870712973,0.35745381766429346,1.0836143016815185,0.36853953373532866,,,,,1315.235220223325,113.76063242798892,1370.0,135.68898260359975,1209.7657981803143,115.57641598035168,1241.6,152.5743261495852,105.46942204301077,5.867739368908933,53.0,9.076067430335673,,,,,,,,,,,,,,,,,,,,,,,,,,,,,,,,,,,,,,,,,,,,,,,,,,,,,,,,,,,,,,,,,,,,,,,,,,,,,,,,,,,,,,,,,,,,,,,,,,,,,,,,,,
TxGNN_42_full_graph_to_qwen3-8b-sft,sft_rescued_positive_over_gnn,9,100,5,500.0,0.0,8.0,3.1622776601683795,46.0,2.8284271247461903,45.4,2.0736441353327724,0.09079999999999999,0.004147288270665548,45.4,2.0736441353327724,25.757353545349588,5.031333634015876,7.4,1.6733200530681511,0.018898773989721465,0.004595470279697685,0.005673732518013893,0.0014427873682821412,3.672800468556008,0.7027264639470697,1.1609808921813964,0.3788703130423655,,,,,1343.1712833305842,68.90911301947162,1361.8,108.30085410558867,1234.3181646874484,71.73170719066468,1235.5,108.73017060595463,108.85311864313596,9.777078240421266,54.1,7.317786550590281,,,,,,,,,,,,,,,,,,,,,,,,,,,,,,,,,,,,,,,,,,,,,,,,,,,,,,,,,,,,,,,,,,,,,,,,,,,,,,,,,,,,,,,,,,,,,,,,,,,,,,,,,,
TxGNN_42_full_graph_to_qwen3-8b-sft,sft_rescued_positive_over_gnn,9,200,5,500.0,0.0,16.8,3.96232255123179,77.2,6.058052492344384,74.8,5.403702434442518,0.1496,0.010807404868885038,74.8,5.403702434442518,23.16823155703549,4.305859459623358,6.0,1.5811388300841898,0.016720427989050792,0.003299258283968621,0.004435356051931535,0.0011410475818369856,3.303581300562981,0.6083027426661719,0.8510146081447602,0.20879409406177069,,,,,1325.5462521486413,51.20501844183856,1381.8,39.883580581487415,1220.8499215115505,45.30496907033666,1263.6,30.418744221285664,104.69633063709088,9.971958019273695,51.7,9.297849213662266,,,,,,,,,,,,,,,,,,,,,,,,,,,,,,,,,,,,,,,,,,,,,,,,,,,,,,,,,,,,,,,,,,,,,,,,,,,,,,,,,,,,,,,,,,,,,,,,,,,,,,,,,,
qwen3-8b-ablation_to_qwen3-8b-kto,kto_rescue_suppression_vs_ablation,4,10,5,500.0,0.0,,,,,,,,,,,,,,,,,,,,,,,,,,,,,,,,,,,,,,,2000.0,0.0,7.8,1.3038404810405297,0.0156,0.0026076809620810587,,,,,7.2,0.44721359549995787,2.2,1.3038404810405297,5.0,1.4142135623730951,,,,,,,,,,,,,,,,,,,,,,,,,,,,,,,,,,,,,,,,,,,,,,,,,,,,,,,,,,,,,,,,,,,,,,,,,,,,,,,,,,,,,,,,,,
qwen3-8b-ablation_to_qwen3-8b-kto,kto_rescue_suppression_vs_ablation,4,50,5,500.0,0.0,,,,,,,,,,,,,,,,,,,,,,,,,,,,,,,,,,,,,,,2000.0,0.0,32.6,4.505552130427524,0.06520000000000001,0.009011104260855047,,,,,39.0,1.8708286933869707,16.2,4.604345773288535,22.8,5.540758070878027,,,,,,,,,,,,,,,,,,,,,,,,,,,,,,,,,,,,,,,,,,,,,,,,,,,,,,,,,,,,,,,,,,,,,,,,,,,,,,,,,,,,,,,,,,
qwen3-8b-ablation_to_qwen3-8b-kto,kto_rescue_suppression_vs_ablation,4,100,5,500.0,0.0,,,,,,,,,,,,,,,,,,,,,,,,,,,,,,,,,,,,,,,2000.0,0.0,57.0,3.082207001484488,0.11400000000000002,0.006164414002968977,,,,,74.8,2.863564212655271,38.2,4.024922359499621,36.6,5.594640292279745,,,,,,,,,,,,,,,,,,,,,,,,,,,,,,,,,,,,,,,,,,,,,,,,,,,,,,,,,,,,,,,,,,,,,,,,,,,,,,,,,,,,,,,,,,
qwen3-8b-ablation_to_qwen3-8b-kto,kto_rescue_suppression_vs_ablation,4,200,5,500.0,0.0,,,,,,,,,,,,,,,,,,,,,,,,,,,,,,,,,,,,,,,2000.0,0.0,95.6,7.503332592921628,0.19119999999999998,0.01500666518584326,,,,,141.2,5.630275304103699,78.6,4.722287581247039,62.6,4.505552130427524,,,,,,,,,,,,,,,,,,,,,,,,,,,,,,,,,,,,,,,,,,,,,,,,,,,,,,,,,,,,,,,,,,,,,,,,,,,,,,,,,,,,,,,,,,
qwen3-8b-ablation_to_qwen3-8b-kto,kto_rescue_suppression_vs_ablation,9,10,5,500.0,0.0,,,,,,,,,,,,,,,,,,,,,,,,,,,,,,,,,,,,,,,4500.0,0.0,7.6,1.140175425099138,0.0152,0.0022803508501982755,,,,,7.6,0.8944271909999159,2.2,1.0954451150103321,5.4,1.1401754250991378,,,,,,,,,,,,,,,,,,,,,,,,,,,,,,,,,,,,,,,,,,,,,,,,,,,,,,,,,,,,,,,,,,,,,,,,,,,,,,,,,,,,,,,,,,
qwen3-8b-ablation_to_qwen3-8b-kto,kto_rescue_suppression_vs_ablation,9,50,5,500.0,0.0,,,,,,,,,,,,,,,,,,,,,,,,,,,,,,,,,,,,,,,4500.0,0.0,27.6,2.0736441353327724,0.05519999999999999,0.004147288270665544,,,,,42.6,1.3416407864998738,21.0,2.449489742783178,21.6,3.646916505762094,,,,,,,,,,,,,,,,,,,,,,,,,,,,,,,,,,,,,,,,,,,,,,,,,,,,,,,,,,,,,,,,,,,,,,,,,,,,,,,,,,,,,,,,,,
qwen3-8b-ablation_to_qwen3-8b-kto,kto_rescue_suppression_vs_ablation,9,100,5,500.0,0.0,,,,,,,,,,,,,,,,,,,,,,,,,,,,,,,,,,,,,,,4500.0,0.0,46.8,1.0954451150103321,0.09359999999999999,0.002190890230020666,,,,,85.8,1.0954451150103321,49.4,2.9664793948382653,36.4,2.9664793948382653,,,,,,,,,,,,,,,,,,,,,,,,,,,,,,,,,,,,,,,,,,,,,,,,,,,,,,,,,,,,,,,,,,,,,,,,,,,,,,,,,,,,,,,,,,
qwen3-8b-ablation_to_qwen3-8b-kto,kto_rescue_suppression_vs_ablation,9,200,5,500.0,0.0,,,,,,,,,,,,,,,,,,,,,,,,,,,,,,,,,,,,,,,4500.0,0.0,76.6,3.974921382870358,0.1532,0.007949842765740725,,,,,165.0,2.23606797749979,109.0,3.5355339059327378,56.0,5.0,,,,,,,,,,,,,,,,,,,,,,,,,,,,,,,,,,,,,,,,,,,,,,,,,,,,,,,,,,,,,,,,,,,,,,,,,,,,,,,,,,,,,,,,,,
qwen3-8b-sft_to_qwen3-8b-kto,kto_rescue_suppression_vs_sft,4,10,5,500.0,0.0,,,,,,,,,,,,,,,,,,,,,,,,,,,,,,,,,,,,,,,2000.0,0.0,3.6,0.8944271909999159,0.0072,0.0017888543819998318,3.0,1.224744871391589,2.2,1.3038404810405297,1.6,1.140175425099138,0.8,1.0954451150103324,0.8,1.3038404810405297,3.6,0.8944271909999159,40.28333333333334,36.652629888969464,25.9,31.730111881302907,0.027537820952120883,0.02105921127653056,0.021582731132955897,0.02746957423251034,5.73953907251358,5.0946676498595,3.740960508584976,4.408277595605527,,,,,1318.6066666666666,137.44961177747197,1314.7,142.76011347711938,1131.0366666666666,165.6961528085536,1072.2,166.96316959138025,187.57,108.17642251844386,103.9,110.21705857080381,1.6,1.140175425099138,34.291666666666664,37.660858696766034,33.875,37.457475889333494,0.023353461543014216,0.02601146134346795,0.020641415430545984,0.025168041764279545,4.788450633486112,5.170539764487811,4.769287660717964,5.160692028762518,,,,,1512.5833333333333,559.0768432574065,1489.5,553.5374121653085,1378.3333333333333,570.7505292741013,1355.25,569.1101972963291,134.25,87.93416097664586,134.25,87.93416097664586,0.8,1.0954451150103324,26.75,31.466251762801363,26.75,31.466251762801363,0.016905349748726598,0.019965982452607722,0.016905349748726598,0.019965982452607722,3.7615767270326614,4.284239521232416,3.7615767270326614,4.284239521232416,,,,,1673.0,83.43860018001261,1673.0,83.43860018001261,1412.5,234.75945135393377,1412.5,234.75945135393377,260.5,151.32085117392117,260.5,151.32085117392117
qwen3-8b-sft_to_qwen3-8b-kto,kto_rescue_suppression_vs_sft,4,50,5,500.0,0.0,,,,,,,,,,,,,,,,,,,,,,,,,,,,,,,,,,,,,,,2000.0,0.0,7.8,2.4899799195977463,0.0156,0.0049799598391954926,16.0,2.0,16.6,4.8270073544588685,5.2,1.9235384061671346,5.8,3.5637059362410923,-0.6,4.219004621945797,7.8,2.4899799195977463,15.916428571428572,10.936815751191485,6.2,3.03315017762062,0.012552915962499151,0.007243132605453678,0.005101149065257044,0.003368001986854313,2.303568133211562,1.4986443934097227,0.911757180094719,0.4501246822443773,,,,,1209.7685714285715,163.69190172019964,1369.6,297.1530329644979,1030.7321428571427,147.1821766119964,1101.3,202.82215115711597,179.0364285714286,40.4952249326626,67.5,28.16913204200655,5.2,1.9235384061671346,23.718333333333334,12.813722028443658,11.3,5.392123885817164,0.01596394950347847,0.011130362410168423,0.006884946600939067,0.004100347797447331,3.3256504835685092,1.8272196304994404,1.588323962688446,0.7930585593414217,,,,,1637.405,163.87228466264682,1733.2,216.9028008117922,1540.9683333333335,162.25458652137453,1610.1,216.86470436657046,96.43666666666667,45.34390869296069,65.0,40.961872515792045,5.8,3.5637059362410923,29.14761904761905,22.340943920484907,7.7,3.0740852297878796,0.018407834736875843,0.012838799472827365,0.005739281473623333,0.0016035662427887102,4.139486729294535,3.1777122543960172,1.1733035296201706,0.4179302658750702,,,,,1431.4444444444443,148.55191967627403,1507.8,205.00902419161943,1335.2444444444445,108.5818346447269,1383.0,149.89829885625787,96.2,50.46673516312197,87.2,53.67215292868361
qwen3-8b-sft_to_qwen3-8b-kto,kto_rescue_suppression_vs_sft,4,100,5,500.0,0.0,,,,,,,,,,,,,,,,,,,,,,,,,,,,,,,,,,,,,,,2000.0,0.0,13.2,3.03315017762062,0.0264,0.006066300355241241,40.6,3.209361307176242,40.0,3.0,13.8,3.492849839314596,13.2,2.6832815729997477,0.6,2.302172886644268,13.2,3.03315017762062,22.416792929292928,6.374134924780555,9.3,11.30044246921332,0.017886328648431333,0.004716500217592392,0.008102589349339552,0.009053099735464096,3.2084187527234205,0.9074327187078276,1.420936155319214,1.6371089068967328,,,,,1127.9053282828281,196.08989771803857,1052.8,233.0594344797052,985.4790656565656,195.8737140039427,896.2,240.35016122316208,142.4262626262626,30.16350305652775,77.4,27.08874304946614,13.8,3.492849839314596,32.616410256410255,19.71530736118068,11.4,4.407380174207803,0.021984893161709623,0.009978408504954371,0.008034779314759105,0.0028592660070946786,4.594086710810662,2.772594259565731,1.5908583998680115,0.7028316420320452,,,,,1568.724871794872,208.54831294021628,1523.6,221.69951510997944,1437.0033333333333,136.95567277610505,1444.3,181.9407870709589,131.72153846153844,82.84231714345975,67.9,41.22559884343707,13.2,2.6832815729997477,20.533672014260247,9.96115510959778,6.6,2.3021728866442674,0.014066703065447689,0.007441923005570044,0.005707033635529676,0.0033327402833060677,2.9067904801881888,1.3837088549030712,0.9584536254405975,0.337583152394617,,,,,1319.2094295900176,137.43722710750194,1376.8,195.85121904139376,1219.3389839572192,151.63742369469048,1304.6,212.02900744945254,99.87044563279858,36.16130291251256,65.8,31.051570008616313
qwen3-8b-sft_to_qwen3-8b-kto,kto_rescue_suppression_vs_sft,4,200,5,500.0,0.0,,,,,,,,,,,,,,,,,,,,,,,,,,,,,,,,,,,,,,,2000.0,0.0,22.2,4.147288270665544,0.0444,0.008294576541331089,93.6,6.730527468185536,90.2,5.21536192416212,30.4,4.827007354458868,27.0,4.358898943540674,3.4,3.646916505762094,22.2,4.147288270665544,22.932384615384613,8.942236833466158,7.3,1.6431676725154984,0.018129312001362148,0.005108962731894527,0.0061275241802984425,0.0016252225218488664,3.2818220379881753,1.2599588012307452,1.126219928264618,0.29107903936062385,,,,,1184.8533589743588,71.98730331429856,1193.2,126.2530197658654,1058.0332051282053,64.84336007823802,1148.4,119.12776754392738,126.82015384615383,22.950585967948385,70.1,9.456479260274406,30.4,4.827007354458868,23.420553197023786,10.752359566068113,7.6,4.463742824133129,0.01631856124586659,0.0068805485191777375,0.005219738021583418,0.0036244320800938915,3.295639653647508,1.5129483970791981,1.104089766740799,0.6402883855352322,,,,,1459.030880492645,45.301481677141005,1503.4,34.12000879249594,1358.5125990890697,61.53457515845076,1426.1,22.445489524623873,100.51828140357551,36.969604764282586,52.6,11.92371586377334,27.0,4.358898943540674,24.392707509881426,9.232171505362764,6.7,4.040420770167385,0.017198149094545364,0.006007317090017308,0.00557373815098496,0.002428570090837525,3.4564831063122923,1.3113747090760859,0.9801264494657517,0.5831315877040019,,,,,1348.9514008093356,128.0855189818693,1391.0,101.66550545784936,1213.7539528044417,110.25295012190199,1243.6,134.7318633434571,135.19744800489366,40.45794982011932,66.9,8.974965180990953
qwen3-8b-sft_to_qwen3-8b-kto,kto_rescue_suppression_vs_sft,9,10,5,500.0,0.0,,,,,,,,,,,,,,,,,,,,,,,,,,,,,,,,,,,,,,,4500.0,0.0,3.0,1.224744871391589,0.006,0.002449489742783178,2.4,0.5477225575051661,2.4,1.140175425099138,1.6,1.140175425099138,1.6,0.8944271909999159,0.0,1.4142135623730951,3.0,1.224744871391589,22.616666666666667,13.206900553204079,13.1,10.772650555921695,0.017336858647981457,0.00793246797843054,0.010599507693740516,0.007840003556787678,3.183249344925086,1.8511200663348866,1.8409685373306275,1.4793370773969372,,,,,1231.1833333333334,270.2142694027998,1287.9,218.98926914349022,1081.1,209.68738636360558,1038.0,166.47785137969555,150.08333333333331,114.28214962198699,92.9,92.63125822312898,1.6,1.140175425099138,13.375,10.160175523418218,14.125,9.629598468610551,0.008304308359651229,0.006033242321587605,0.008369699990897796,0.005990606391356855,2.0303060462077456,1.611972826622508,2.1268065944314003,1.5398633368265366,,,,,1623.8333333333333,219.76325645769109,1622.0,221.90238093960747,1442.25,363.15940026385107,1474.75,343.8528028095743,181.58333333333334,165.3802856718082,155.75,170.1031549775998,1.6,0.8944271909999159,18.46666666666667,16.665999986666133,12.4,15.372052563011877,0.017884651477665353,0.014633321977189123,0.014011931401993147,0.015374823128854444,2.723392429947853,2.222875096162212,1.8588502526283264,2.0854257104257505,,,,,1267.6666666666665,626.2394820584924,1215.0,660.5845895871323,1160.0666666666666,712.4300121571397,1117.0,735.5450360107122,107.6,90.13212523845202,98.0,93.37558567420072
qwen3-8b-sft_to_qwen3-8b-kto,kto_rescue_suppression_vs_sft,9,50,5,500.0,0.0,,,,,,,,,,,,,,,,,,,,,,,,,,,,,,,,,,,,,,,4500.0,0.0,6.4,1.6733200530681511,0.012799999999999997,0.0033466401061363013,22.6,3.847076812334269,22.2,2.3874672772626644,9.0,2.449489742783178,8.6,2.701851217221259,0.4,3.4351128074635335,6.4,1.6733200530681511,14.367301587301588,12.793760958996323,4.3,3.1937438845342623,0.011736036286837129,0.00900052303512946,0.0038421377077269697,0.0034407028228525803,2.080357321448743,1.7709105473673272,0.6159000173211098,0.43435090797325243,,,,,1159.572380952381,279.0742178205543,1236.9,304.39209910902747,987.7898412698411,273.58998053148053,1020.8,386.3284871712155,171.7825396825397,28.01262830259326,52.8,23.370922104187503,9.0,2.449489742783178,38.10666666666666,16.18877182905897,19.0,17.81502175131987,0.023256985289051867,0.00947368614180957,0.01309520838078151,0.012183942166585459,5.4115604152353045,2.310308889864946,2.750489169359207,2.4840013767377935,,,,,1429.0233333333333,112.89208071821905,1435.7,207.7515342903633,1261.6609523809523,132.38120822174656,1299.4,175.73822862428085,167.36238095238096,40.99033050624669,96.2,31.25819892444221,8.6,2.701851217221259,21.093650793650795,13.47205378953551,12.3,9.947361459201128,0.014534026867444932,0.009813494037466909,0.00869610225047132,0.00849328890562367,2.986107377360446,1.852036932919677,1.7746129512786866,1.3945541150965115,,,,,1423.2655982905983,181.61840461612988,1416.0,255.24791869866442,1319.6366605616604,146.7924389510273,1284.8,161.6843375222226,103.62893772893774,38.13393079402215,56.1,29.013789824840188
qwen3-8b-sft_to_qwen3-8b-kto,kto_rescue_suppression_vs_sft,9,100,5,500.0,0.0,,,,,,,,,,,,,,,,,,,,,,,,,,,,,,,,,,,,,,,4500.0,0.0,12.2,2.4899799195977463,0.024399999999999998,0.0049799598391954926,54.0,2.8284271247461903,52.2,1.4832396974191324,19.0,2.9154759474226504,17.2,1.3038404810405297,1.8,2.7748873851023217,12.2,2.4899799195977463,15.49368131868132,7.6324919740441635,3.9,3.170173496829472,0.012226389887743366,0.005414313605883881,0.0041853828338251796,0.003841205000119366,2.2210270319093057,1.0840918129102612,0.6050603210926055,0.49483005249167494,,,,,1075.2615384615385,148.12273297240972,1098.0,214.5544802608419,940.3986263736264,128.92042594590953,981.6,151.16935866768767,134.8629120879121,53.28233300093891,66.9,21.91289574656896,19.0,2.9154759474226504,33.52869674185463,18.191949671186695,8.5,5.338539126015656,0.02009373215872794,0.011181278718103344,0.006333682865628231,0.0027358602511911127,4.739115472277604,2.552466164722943,1.203357458114624,0.7330306846754943,,,,,1466.3687468671678,53.53395444118335,1478.1,105.95423540378177,1334.8004511278195,80.38451574889025,1356.5,105.47630065564492,131.56829573934837,33.4722098692981,67.2,23.039639754128103,17.2,1.3038404810405297,30.841928964568286,10.238688755265049,15.8,1.1510864433221337,0.02001919532614776,0.0069143565030179354,0.009036835398763017,0.0007002912755702087,4.353235183767834,1.43522941967355,2.2280275344848635,0.2192878797432852,,,,,1529.3758341933267,116.47207358162314,1599.4,78.75785675092993,1383.1689714482286,93.04220802483324,1463.9,101.13073222319713,146.20686274509802,68.31088120946619,81.2,38.775959046811465
qwen3-8b-sft_to_qwen3-8b-kto,kto_rescue_suppression_vs_sft,9,200,5,500.0,0.0,,,,,,,,,,,,,,,,,,,,,,,,,,,,,,,,,,,,,,,4500.0,0.0,20.4,2.302172886644268,0.040799999999999996,0.004604345773288536,122.8,6.058052492344384,118.4,3.507135583350036,40.8,6.260990336999411,36.4,5.639148871948674,4.4,3.5777087639996634,20.4,2.302172886644268,26.726676704937574,9.504398423540417,9.5,3.984344362627307,0.0203086893665822,0.006193801047791039,0.00681541330090073,0.00274586003709959,3.830242918004889,1.3224566418199093,1.4212658405303955,0.5308065358907534,,,,,1260.854162745467,189.67128388046422,1247.3,245.94603066526608,1117.065010351967,174.42654214071194,1138.5,214.44171702353066,143.78915239350025,48.522434586800706,78.0,16.089592909704088,40.8,6.260990336999411,26.48222347312131,6.846642812997413,6.4,1.2942179105544784,0.016581386721858483,0.004154402404514302,0.005050658294928128,0.001322583104557682,3.731923292108516,0.9504095300138806,0.9260392308235168,0.15762732620454148,,,,,1499.5714393470305,39.49311019737897,1478.9,56.278770420114896,1391.3440562904586,51.53614755838764,1394.8,69.36731939465443,108.22738305657192,12.843079192739042,56.6,11.690808355284933,36.4,5.639148871948674,20.35336911150865,8.41138601430039,8.1,1.746424919657298,0.014874461800151895,0.004766331788509066,0.005583284948397218,0.0005321223834100634,2.875365194886975,1.1880993855931994,1.175480854511261,0.2640608760794167,,,,,1285.4380360474734,56.1735894673604,1264.1,143.39996513249227,1176.0403004597304,86.16491170503792,1195.3,173.5906103451451,109.39773558774309,37.85065611020767,57.7,6.438167441127949
